source,indicator_code,region_code,period,value,unit,vintage,retrieved_at,source_url,missing_reason
WORLDBANK,SP.DYN.TFRT.IN,DEU,2025,,명,연간,2026-09-16T16:46:09+09:00,https://api.worldbank.org/v2/country/KOR;JPN;FRA;DEU;ITA;ESP;USA/indicator/SP.DYN.TFRT.IN?format=json&date=2015%3A2025&per_page=500,NA_NOTSURVEYED
WORLDBANK,SP.DYN.TFRT.IN,DEU,2024,1.36,명,연간,2026-09-16T16:46:09+09:00,https://api.worldbank.org/v2/country/KOR;JPN;FRA;DEU;ITA;ESP;USA/indicator/SP.DYN.TFRT.IN?format=json&date=2015%3A2025&per_page=500,
WORLDBANK,SP.DYN.TFRT.IN,DEU,2023,1.39,명,연간,2026-09-16T16:46:09+09:00,https://api.worldbank.org/v2/country/KOR;JPN;FRA;DEU;ITA;ESP;USA/indicator/SP.DYN.TFRT.IN?format=json&date=2015%3A2025&per_page=500,
WORLDBANK,SP.DYN.TFRT.IN,DEU,2022,1.455,명,연간,2026-09-16T16:46:09+09:00,https://api.worldbank.org/v2/country/KOR;JPN;FRA;DEU;ITA;ESP;USA/indicator/SP.DYN.TFRT.IN?format=json&date=2015%3A2025&per_page=500,
WORLDBANK,SP.DYN.TFRT.IN,DEU,2021,1.58,명,연간,2026-09-16T16:46:09+09:00,https://api.worldbank.org/v2/country/KOR;JPN;FRA;DEU;ITA;ESP;USA/indicator/SP.DYN.TFRT.IN?format=json&date=2015%3A2025&per_page=500,
WORLDBANK,SP.DYN.TFRT.IN,DEU,2020,1.53,명,연간,2026-09-16T16:46:09+09:00,https://api.worldbank.org/v2/country/KOR;JPN;FRA;DEU;ITA;ESP;USA/indicator/SP.DYN.TFRT.IN?format=json&date=2015%3A2025&per_page=500,
WORLDBANK,SP.DYN.TFRT.IN,DEU,2019,1.54,명,연간,2026-09-16T16:46:09+09:00,https://api.worldbank.org/v2/country/KOR;JPN;FRA;DEU;ITA;ESP;USA/indicator/SP.DYN.TFRT.IN?format=json&date=2015%3A2025&per_page=500,
WORLDBANK,SP.DYN.TFRT.IN,DEU,2018,1.57,명,연간,2026-09-16T16:46:09+09:00,https://api.worldbank.org/v2/country/KOR;JPN;FRA;DEU;ITA;ESP;USA/indicator/SP.DYN.TFRT.IN?format=json&date=2015%3A2025&per_page=500,
WORLDBANK,SP.DYN.TFRT.IN,DEU,2017,1.57,명,연간,2026-09-16T16:46:09+09:00,https://api.worldbank.org/v2/country/KOR;JPN;FRA;DEU;ITA;ESP;USA/indicator/SP.DYN.TFRT.IN?format=json&date=2015%3A2025&per_page=500,
WORLDBANK,SP.DYN.TFRT.IN,DEU,2016,1.6,명,연간,2026-09-16T16:46:09+09:00,https://api.worldbank.org/v2/country/KOR;JPN;FRA;DEU;ITA;ESP;USA/indicator/SP.DYN.TFRT.IN?format=json&date=2015%3A2025&per_page=500,
WORLDBANK,SP.DYN.TFRT.IN,DEU,2015,1.5,명,연간,2026-09-16T16:46:09+09:00,https://api.worldbank.org/v2/country/KOR;JPN;FRA;DEU;ITA;ESP;USA/indicator/SP.DYN.TFRT.IN?format=json&date=2015%3A2025&per_page=500,
WORLDBANK,SP.DYN.TFRT.IN,ESP,2025,,명,연간,2026-09-16T16:46:09+09:00,https://api.worldbank.org/v2/country/KOR;JPN;FRA;DEU;ITA;ESP;USA/indicator/SP.DYN.TFRT.IN?format=json&date=2015%3A2025&per_page=500,NA_NOTSURVEYED
WORLDBANK,SP.DYN.TFRT.IN,ESP,2024,1.1,명,연간,2026-09-16T16:46:09+09:00,https://api.worldbank.org/v2/country/KOR;JPN;FRA;DEU;ITA;ESP;USA/indicator/SP.DYN.TFRT.IN?format=json&date=2015%3A2025&per_page=500,
WORLDBANK,SP.DYN.TFRT.IN,ESP,2023,1.12,명,연간,2026-09-16T16:46:09+09:00,https://api.worldbank.org/v2/country/KOR;JPN;FRA;DEU;ITA;ESP;USA/indicator/SP.DYN.TFRT.IN?format=json&date=2015%3A2025&per_page=500,
WORLDBANK,SP.DYN.TFRT.IN,ESP,2022,1.16,명,연간,2026-09-16T16:46:09+09:00,https://api.worldbank.org/v2/country/KOR;JPN;FRA;DEU;ITA;ESP;USA/indicator/SP.DYN.TFRT.IN?format=json&date=2015%3A2025&per_page=500,
WORLDBANK,SP.DYN.TFRT.IN,ESP,2021,1.18,명,연간,2026-09-16T16:46:09+09:00,https://api.worldbank.org/v2/country/KOR;JPN;FRA;DEU;ITA;ESP;USA/indicator/SP.DYN.TFRT.IN?format=json&date=2015%3A2025&per_page=500,
WORLDBANK,SP.DYN.TFRT.IN,ESP,2020,1.18,명,연간,2026-09-16T16:46:09+09:00,https://api.worldbank.org/v2/country/KOR;JPN;FRA;DEU;ITA;ESP;USA/indicator/SP.DYN.TFRT.IN?format=json&date=2015%3A2025&per_page=500,
WORLDBANK,SP.DYN.TFRT.IN,ESP,2019,1.23,명,연간,2026-09-16T16:46:09+09:00,https://api.worldbank.org/v2/country/KOR;JPN;FRA;DEU;ITA;ESP;USA/indicator/SP.DYN.TFRT.IN?format=json&date=2015%3A2025&per_page=500,
WORLDBANK,SP.DYN.TFRT.IN,ESP,2018,1.26,명,연간,2026-09-16T16:46:09+09:00,https://api.worldbank.org/v2/country/KOR;JPN;FRA;DEU;ITA;ESP;USA/indicator/SP.DYN.TFRT.IN?format=json&date=2015%3A2025&per_page=500,
WORLDBANK,SP.DYN.TFRT.IN,ESP,2017,1.31,명,연간,2026-09-16T16:46:09+09:00,https://api.worldbank.org/v2/country/KOR;JPN;FRA;DEU;ITA;ESP;USA/indicator/SP.DYN.TFRT.IN?format=json&date=2015%3A2025&per_page=500,
WORLDBANK,SP.DYN.TFRT.IN,ESP,2016,1.33,명,연간,2026-09-16T16:46:09+09:00,https://api.worldbank.org/v2/country/KOR;JPN;FRA;DEU;ITA;ESP;USA/indicator/SP.DYN.TFRT.IN?format=json&date=2015%3A2025&per_page=500,
WORLDBANK,SP.DYN.TFRT.IN,ESP,2015,1.33,명,연간,2026-09-16T16:46:09+09:00,https://api.worldbank.org/v2/country/KOR;JPN;FRA;DEU;ITA;ESP;USA/indicator/SP.DYN.TFRT.IN?format=json&date=2015%3A2025&per_page=500,
WORLDBANK,SP.DYN.TFRT.IN,FRA,2025,,명,연간,2026-09-16T16:46:09+09:00,https://api.worldbank.org/v2/country/KOR;JPN;FRA;DEU;ITA;ESP;USA/indicator/SP.DYN.TFRT.IN?format=json&date=2015%3A2025&per_page=500,NA_NOTSURVEYED
WORLDBANK,SP.DYN.TFRT.IN,FRA,2024,1.61,명,연간,2026-09-16T16:46:09+09:00,https://api.worldbank.org/v2/country/KOR;JPN;FRA;DEU;ITA;ESP;USA/indicator/SP.DYN.TFRT.IN?format=json&date=2015%3A2025&per_page=500,
WORLDBANK,SP.DYN.TFRT.IN,FRA,2023,1.66,명,연간,2026-09-16T16:46:09+09:00,https://api.worldbank.org/v2/country/KOR;JPN;FRA;DEU;ITA;ESP;USA/indicator/SP.DYN.TFRT.IN?format=json&date=2015%3A2025&per_page=500,
WORLDBANK,SP.DYN.TFRT.IN,FRA,2022,1.78,명,연간,2026-09-16T16:46:09+09:00,https://api.worldbank.org/v2/country/KOR;JPN;FRA;DEU;ITA;ESP;USA/indicator/SP.DYN.TFRT.IN?format=json&date=2015%3A2025&per_page=500,
WORLDBANK,SP.DYN.TFRT.IN,FRA,2021,1.83,명,연간,2026-09-16T16:46:09+09:00,https://api.worldbank.org/v2/country/KOR;JPN;FRA;DEU;ITA;ESP;USA/indicator/SP.DYN.TFRT.IN?format=json&date=2015%3A2025&per_page=500,
WORLDBANK,SP.DYN.TFRT.IN,FRA,2020,1.82,명,연간,2026-09-16T16:46:09+09:00,https://api.worldbank.org/v2/country/KOR;JPN;FRA;DEU;ITA;ESP;USA/indicator/SP.DYN.TFRT.IN?format=json&date=2015%3A2025&per_page=500,
WORLDBANK,SP.DYN.TFRT.IN,FRA,2019,1.86,명,연간,2026-09-16T16:46:09+09:00,https://api.worldbank.org/v2/country/KOR;JPN;FRA;DEU;ITA;ESP;USA/indicator/SP.DYN.TFRT.IN?format=json&date=2015%3A2025&per_page=500,
WORLDBANK,SP.DYN.TFRT.IN,FRA,2018,1.87,명,연간,2026-09-16T16:46:09+09:00,https://api.worldbank.org/v2/country/KOR;JPN;FRA;DEU;ITA;ESP;USA/indicator/SP.DYN.TFRT.IN?format=json&date=2015%3A2025&per_page=500,
WORLDBANK,SP.DYN.TFRT.IN,FRA,2017,1.89,명,연간,2026-09-16T16:46:09+09:00,https://api.worldbank.org/v2/country/KOR;JPN;FRA;DEU;ITA;ESP;USA/indicator/SP.DYN.TFRT.IN?format=json&date=2015%3A2025&per_page=500,
WORLDBANK,SP.DYN.TFRT.IN,FRA,2016,1.92,명,연간,2026-09-16T16:46:09+09:00,https://api.worldbank.org/v2/country/KOR;JPN;FRA;DEU;ITA;ESP;USA/indicator/SP.DYN.TFRT.IN?format=json&date=2015%3A2025&per_page=500,
WORLDBANK,SP.DYN.TFRT.IN,FRA,2015,1.96,명,연간,2026-09-16T16:46:09+09:00,https://api.worldbank.org/v2/country/KOR;JPN;FRA;DEU;ITA;ESP;USA/indicator/SP.DYN.TFRT.IN?format=json&date=2015%3A2025&per_page=500,
WORLDBANK,SP.DYN.TFRT.IN,ITA,2025,,명,연간,2026-09-16T16:46:09+09:00,https://api.worldbank.org/v2/country/KOR;JPN;FRA;DEU;ITA;ESP;USA/indicator/SP.DYN.TFRT.IN?format=json&date=2015%3A2025&per_page=500,NA_NOTSURVEYED
WORLDBANK,SP.DYN.TFRT.IN,ITA,2024,1.18,명,연간,2026-09-16T16:46:09+09:00,https://api.worldbank.org/v2/country/KOR;JPN;FRA;DEU;ITA;ESP;USA/indicator/SP.DYN.TFRT.IN?format=json&date=2015%3A2025&per_page=500,
WORLDBANK,SP.DYN.TFRT.IN,ITA,2023,1.21,명,연간,2026-09-16T16:46:09+09:00,https://api.worldbank.org/v2/country/KOR;JPN;FRA;DEU;ITA;ESP;USA/indicator/SP.DYN.TFRT.IN?format=json&date=2015%3A2025&per_page=500,
WORLDBANK,SP.DYN.TFRT.IN,ITA,2022,1.24,명,연간,2026-09-16T16:46:09+09:00,https://api.worldbank.org/v2/country/KOR;JPN;FRA;DEU;ITA;ESP;USA/indicator/SP.DYN.TFRT.IN?format=json&date=2015%3A2025&per_page=500,
WORLDBANK,SP.DYN.TFRT.IN,ITA,2021,1.25,명,연간,2026-09-16T16:46:09+09:00,https://api.worldbank.org/v2/country/KOR;JPN;FRA;DEU;ITA;ESP;USA/indicator/SP.DYN.TFRT.IN?format=json&date=2015%3A2025&per_page=500,
WORLDBANK,SP.DYN.TFRT.IN,ITA,2020,1.24,명,연간,2026-09-16T16:46:09+09:00,https://api.worldbank.org/v2/country/KOR;JPN;FRA;DEU;ITA;ESP;USA/indicator/SP.DYN.TFRT.IN?format=json&date=2015%3A2025&per_page=500,
WORLDBANK,SP.DYN.TFRT.IN,ITA,2019,1.27,명,연간,2026-09-16T16:46:09+09:00,https://api.worldbank.org/v2/country/KOR;JPN;FRA;DEU;ITA;ESP;USA/indicator/SP.DYN.TFRT.IN?format=json&date=2015%3A2025&per_page=500,
WORLDBANK,SP.DYN.TFRT.IN,ITA,2018,1.31,명,연간,2026-09-16T16:46:09+09:00,https://api.worldbank.org/v2/country/KOR;JPN;FRA;DEU;ITA;ESP;USA/indicator/SP.DYN.TFRT.IN?format=json&date=2015%3A2025&per_page=500,
WORLDBANK,SP.DYN.TFRT.IN,ITA,2017,1.34,명,연간,2026-09-16T16:46:09+09:00,https://api.worldbank.org/v2/country/KOR;JPN;FRA;DEU;ITA;ESP;USA/indicator/SP.DYN.TFRT.IN?format=json&date=2015%3A2025&per_page=500,
WORLDBANK,SP.DYN.TFRT.IN,ITA,2016,1.36,명,연간,2026-09-16T16:46:09+09:00,https://api.worldbank.org/v2/country/KOR;JPN;FRA;DEU;ITA;ESP;USA/indicator/SP.DYN.TFRT.IN?format=json&date=2015%3A2025&per_page=500,
WORLDBANK,SP.DYN.TFRT.IN,ITA,2015,1.36,명,연간,2026-09-16T16:46:09+09:00,https://api.worldbank.org/v2/country/KOR;JPN;FRA;DEU;ITA;ESP;USA/indicator/SP.DYN.TFRT.IN?format=json&date=2015%3A2025&per_page=500,
WORLDBANK,SP.DYN.TFRT.IN,JPN,2025,,명,연간,2026-09-16T16:46:09+09:00,https://api.worldbank.org/v2/country/KOR;JPN;FRA;DEU;ITA;ESP;USA/indicator/SP.DYN.TFRT.IN?format=json&date=2015%3A2025&per_page=500,NA_NOTSURVEYED
WORLDBANK,SP.DYN.TFRT.IN,JPN,2024,1.15,명,연간,2026-09-16T16:46:09+09:00,https://api.worldbank.org/v2/country/KOR;JPN;FRA;DEU;ITA;ESP;USA/indicator/SP.DYN.TFRT.IN?format=json&date=2015%3A2025&per_page=500,
WORLDBANK,SP.DYN.TFRT.IN,JPN,2023,1.2,명,연간,2026-09-16T16:46:09+09:00,https://api.worldbank.org/v2/country/KOR;JPN;FRA;DEU;ITA;ESP;USA/indicator/SP.DYN.TFRT.IN?format=json&date=2015%3A2025&per_page=500,
WORLDBANK,SP.DYN.TFRT.IN,JPN,2022,1.26,명,연간,2026-09-16T16:46:09+09:00,https://api.worldbank.org/v2/country/KOR;JPN;FRA;DEU;ITA;ESP;USA/indicator/SP.DYN.TFRT.IN?format=json&date=2015%3A2025&per_page=500,
WORLDBANK,SP.DYN.TFRT.IN,JPN,2021,1.3,명,연간,2026-09-16T16:46:09+09:00,https://api.worldbank.org/v2/country/KOR;JPN;FRA;DEU;ITA;ESP;USA/indicator/SP.DYN.TFRT.IN?format=json&date=2015%3A2025&per_page=500,
WORLDBANK,SP.DYN.TFRT.IN,JPN,2020,1.33,명,연간,2026-09-16T16:46:09+09:00,https://api.worldbank.org/v2/country/KOR;JPN;FRA;DEU;ITA;ESP;USA/indicator/SP.DYN.TFRT.IN?format=json&date=2015%3A2025&per_page=500,
WORLDBANK,SP.DYN.TFRT.IN,JPN,2019,1.36,명,연간,2026-09-16T16:46:09+09:00,https://api.worldbank.org/v2/country/KOR;JPN;FRA;DEU;ITA;ESP;USA/indicator/SP.DYN.TFRT.IN?format=json&date=2015%3A2025&per_page=500,
WORLDBANK,SP.DYN.TFRT.IN,JPN,2018,1.42,명,연간,2026-09-16T16:46:09+09:00,https://api.worldbank.org/v2/country/KOR;JPN;FRA;DEU;ITA;ESP;USA/indicator/SP.DYN.TFRT.IN?format=json&date=2015%3A2025&per_page=500,
WORLDBANK,SP.DYN.TFRT.IN,JPN,2017,1.43,명,연간,2026-09-16T16:46:09+09:00,https://api.worldbank.org/v2/country/KOR;JPN;FRA;DEU;ITA;ESP;USA/indicator/SP.DYN.TFRT.IN?format=json&date=2015%3A2025&per_page=500,
WORLDBANK,SP.DYN.TFRT.IN,JPN,2016,1.44,명,연간,2026-09-16T16:46:09+09:00,https://api.worldbank.org/v2/country/KOR;JPN;FRA;DEU;ITA;ESP;USA/indicator/SP.DYN.TFRT.IN?format=json&date=2015%3A2025&per_page=500,
WORLDBANK,SP.DYN.TFRT.IN,JPN,2015,1.45,명,연간,2026-09-16T16:46:09+09:00,https://api.worldbank.org/v2/country/KOR;JPN;FRA;DEU;ITA;ESP;USA/indicator/SP.DYN.TFRT.IN?format=json&date=2015%3A2025&per_page=500,
WORLDBANK,SP.DYN.TFRT.IN,KOR,2025,,명,연간,2026-09-16T16:46:09+09:00,https://api.worldbank.org/v2/country/KOR;JPN;FRA;DEU;ITA;ESP;USA/indicator/SP.DYN.TFRT.IN?format=json&date=2015%3A2025&per_page=500,NA_NOTSURVEYED
WORLDBANK,SP.DYN.TFRT.IN,KOR,2024,0.748,명,연간,2026-09-16T16:46:09+09:00,https://api.worldbank.org/v2/country/KOR;JPN;FRA;DEU;ITA;ESP;USA/indicator/SP.DYN.TFRT.IN?format=json&date=2015%3A2025&per_page=500,
WORLDBANK,SP.DYN.TFRT.IN,KOR,2023,0.721,명,연간,2026-09-16T16:46:09+09:00,https://api.worldbank.org/v2/country/KOR;JPN;FRA;DEU;ITA;ESP;USA/indicator/SP.DYN.TFRT.IN?format=json&date=2015%3A2025&per_page=500,
WORLDBANK,SP.DYN.TFRT.IN,KOR,2022,0.778,명,연간,2026-09-16T16:46:09+09:00,https://api.worldbank.org/v2/country/KOR;JPN;FRA;DEU;ITA;ESP;USA/indicator/SP.DYN.TFRT.IN?format=json&date=2015%3A2025&per_page=500,
WORLDBANK,SP.DYN.TFRT.IN,KOR,2021,0.808,명,연간,2026-09-16T16:46:09+09:00,https://api.worldbank.org/v2/country/KOR;JPN;FRA;DEU;ITA;ESP;USA/indicator/SP.DYN.TFRT.IN?format=json&date=2015%3A2025&per_page=500,
WORLDBANK,SP.DYN.TFRT.IN,KOR,2020,0.837,명,연간,2026-09-16T16:46:09+09:00,https://api.worldbank.org/v2/country/KOR;JPN;FRA;DEU;ITA;ESP;USA/indicator/SP.DYN.TFRT.IN?format=json&date=2015%3A2025&per_page=500,
WORLDBANK,SP.DYN.TFRT.IN,KOR,2019,0.918,명,연간,2026-09-16T16:46:09+09:00,https://api.worldbank.org/v2/country/KOR;JPN;FRA;DEU;ITA;ESP;USA/indicator/SP.DYN.TFRT.IN?format=json&date=2015%3A2025&per_page=500,
WORLDBANK,SP.DYN.TFRT.IN,KOR,2018,0.977,명,연간,2026-09-16T16:46:09+09:00,https://api.worldbank.org/v2/country/KOR;JPN;FRA;DEU;ITA;ESP;USA/indicator/SP.DYN.TFRT.IN?format=json&date=2015%3A2025&per_page=500,
WORLDBANK,SP.DYN.TFRT.IN,KOR,2017,1.052,명,연간,2026-09-16T16:46:09+09:00,https://api.worldbank.org/v2/country/KOR;JPN;FRA;DEU;ITA;ESP;USA/indicator/SP.DYN.TFRT.IN?format=json&date=2015%3A2025&per_page=500,
WORLDBANK,SP.DYN.TFRT.IN,KOR,2016,1.172,명,연간,2026-09-16T16:46:09+09:00,https://api.worldbank.org/v2/country/KOR;JPN;FRA;DEU;ITA;ESP;USA/indicator/SP.DYN.TFRT.IN?format=json&date=2015%3A2025&per_page=500,
WORLDBANK,SP.DYN.TFRT.IN,KOR,2015,1.239,명,연간,2026-09-16T16:46:09+09:00,https://api.worldbank.org/v2/country/KOR;JPN;FRA;DEU;ITA;ESP;USA/indicator/SP.DYN.TFRT.IN?format=json&date=2015%3A2025&per_page=500,
WORLDBANK,SP.DYN.TFRT.IN,USA,2025,,명,연간,2026-09-16T16:46:09+09:00,https://api.worldbank.org/v2/country/KOR;JPN;FRA;DEU;ITA;ESP;USA/indicator/SP.DYN.TFRT.IN?format=json&date=2015%3A2025&per_page=500,NA_NOTSURVEYED
WORLDBANK,SP.DYN.TFRT.IN,USA,2024,1.6265,명,연간,2026-09-16T16:46:09+09:00,https://api.worldbank.org/v2/country/KOR;JPN;FRA;DEU;ITA;ESP;USA/indicator/SP.DYN.TFRT.IN?format=json&date=2015%3A2025&per_page=500,
WORLDBANK,SP.DYN.TFRT.IN,USA,2023,1.6165,명,연간,2026-09-16T16:46:09+09:00,https://api.worldbank.org/v2/country/KOR;JPN;FRA;DEU;ITA;ESP;USA/indicator/SP.DYN.TFRT.IN?format=json&date=2015%3A2025&per_page=500,
WORLDBANK,SP.DYN.TFRT.IN,USA,2022,1.6565,명,연간,2026-09-16T16:46:09+09:00,https://api.worldbank.org/v2/country/KOR;JPN;FRA;DEU;ITA;ESP;USA/indicator/SP.DYN.TFRT.IN?format=json&date=2015%3A2025&per_page=500,
WORLDBANK,SP.DYN.TFRT.IN,USA,2021,1.664,명,연간,2026-09-16T16:46:09+09:00,https://api.worldbank.org/v2/country/KOR;JPN;FRA;DEU;ITA;ESP;USA/indicator/SP.DYN.TFRT.IN?format=json&date=2015%3A2025&per_page=500,
WORLDBANK,SP.DYN.TFRT.IN,USA,2020,1.6415,명,연간,2026-09-16T16:46:09+09:00,https://api.worldbank.org/v2/country/KOR;JPN;FRA;DEU;ITA;ESP;USA/indicator/SP.DYN.TFRT.IN?format=json&date=2015%3A2025&per_page=500,
WORLDBANK,SP.DYN.TFRT.IN,USA,2019,1.706,명,연간,2026-09-16T16:46:09+09:00,https://api.worldbank.org/v2/country/KOR;JPN;FRA;DEU;ITA;ESP;USA/indicator/SP.DYN.TFRT.IN?format=json&date=2015%3A2025&per_page=500,
WORLDBANK,SP.DYN.TFRT.IN,USA,2018,1.7295,명,연간,2026-09-16T16:46:09+09:00,https://api.worldbank.org/v2/country/KOR;JPN;FRA;DEU;ITA;ESP;USA/indicator/SP.DYN.TFRT.IN?format=json&date=2015%3A2025&per_page=500,
WORLDBANK,SP.DYN.TFRT.IN,USA,2017,1.7655,명,연간,2026-09-16T16:46:09+09:00,https://api.worldbank.org/v2/country/KOR;JPN;FRA;DEU;ITA;ESP;USA/indicator/SP.DYN.TFRT.IN?format=json&date=2015%3A2025&per_page=500,
WORLDBANK,SP.DYN.TFRT.IN,USA,2016,1.8205,명,연간,2026-09-16T16:46:09+09:00,https://api.worldbank.org/v2/country/KOR;JPN;FRA;DEU;ITA;ESP;USA/indicator/SP.DYN.TFRT.IN?format=json&date=2015%3A2025&per_page=500,
WORLDBANK,SP.DYN.TFRT.IN,USA,2015,1.8435,명,연간,2026-09-16T16:46:09+09:00,https://api.worldbank.org/v2/country/KOR;JPN;FRA;DEU;ITA;ESP;USA/indicator/SP.DYN.TFRT.IN?format=json&date=2015%3A2025&per_page=500,
POLICYBRIEF,POLICY_COUNT,KR-11,2026,4.0,건,확정,2026-09-16T16:46:11+09:00,file://D:\LLM_agent\policy-data-pipeline-main\exercises\03\policy_page.html,
POLICYBRIEF,POLICY_COUNT,KR-26,2026,4.0,건,확정,2026-09-16T16:46:11+09:00,file://D:\LLM_agent\policy-data-pipeline-main\exercises\03\policy_page.html,
POLICYBRIEF,POLICY_COUNT,KR-27,2026,5.0,건,확정,2026-09-16T16:46:11+09:00,file://D:\LLM_agent\policy-data-pipeline-main\exercises\03\policy_page.html,
POLICYBRIEF,POLICY_COUNT,KR-28,2026,3.0,건,확정,2026-09-16T16:46:11+09:00,file://D:\LLM_agent\policy-data-pipeline-main\exercises\03\policy_page.html,
POLICYBRIEF,POLICY_COUNT,KR-29,2026,5.0,건,확정,2026-09-16T16:46:11+09:00,file://D:\LLM_agent\policy-data-pipeline-main\exercises\03\policy_page.html,
POLICYBRIEF,POLICY_COUNT,KR-30,2026,4.0,건,확정,2026-09-16T16:46:11+09:00,file://D:\LLM_agent\policy-data-pipeline-main\exercises\03\policy_page.html,
POLICYBRIEF,POLICY_COUNT,KR-31,2026,4.0,건,확정,2026-09-16T16:46:11+09:00,file://D:\LLM_agent\policy-data-pipeline-main\exercises\03\policy_page.html,
POLICYBRIEF,POLICY_COUNT,KR-36,2026,4.0,건,확정,2026-09-16T16:46:11+09:00,file://D:\LLM_agent\policy-data-pipeline-main\exercises\03\policy_page.html,
POLICYBRIEF,POLICY_COUNT,KR-41,2026,3.0,건,확정,2026-09-16T16:46:11+09:00,file://D:\LLM_agent\policy-data-pipeline-main\exercises\03\policy_page.html,
POLICYBRIEF,POLICY_COUNT,KR-51,2026,5.0,건,확정,2026-09-16T16:46:11+09:00,file://D:\LLM_agent\policy-data-pipeline-main\exercises\03\policy_page.html,
POLICYBRIEF,POLICY_COUNT,KR-43,2026,4.0,건,확정,2026-09-16T16:46:11+09:00,file://D:\LLM_agent\policy-data-pipeline-main\exercises\03\policy_page.html,
POLICYBRIEF,POLICY_COUNT,KR-44,2026,4.0,건,확정,2026-09-16T16:46:11+09:00,file://D:\LLM_agent\policy-data-pipeline-main\exercises\03\policy_page.html,
POLICYBRIEF,POLICY_COUNT,KR-52,2026,3.0,건,확정,2026-09-16T16:46:11+09:00,file://D:\LLM_agent\policy-data-pipeline-main\exercises\03\policy_page.html,
POLICYBRIEF,POLICY_COUNT,KR-46,2026,4.0,건,확정,2026-09-16T16:46:11+09:00,file://D:\LLM_agent\policy-data-pipeline-main\exercises\03\policy_page.html,
POLICYBRIEF,POLICY_COUNT,KR-47,2026,3.0,건,확정,2026-09-16T16:46:11+09:00,file://D:\LLM_agent\policy-data-pipeline-main\exercises\03\policy_page.html,
POLICYBRIEF,POLICY_COUNT,KR-48,2026,5.0,건,확정,2026-09-16T16:46:11+09:00,file://D:\LLM_agent\policy-data-pipeline-main\exercises\03\policy_page.html,
POLICYBRIEF,POLICY_COUNT,KR-50,2026,3.0,건,확정,2026-09-16T16:46:11+09:00,file://D:\LLM_agent\policy-data-pipeline-main\exercises\03\policy_page.html,
KOSIS,BIRTHS,KR-00,2015,438420.0,명,확정,2026-09-16T16:46:12+09:00,https://kosis.kr/openapi/Param/statisticsParameterData.do?method=getList&orgId=101&tblId=DT_1B8000H&itmId=T10&objL1=ALL&prdSe=Y&startPrdDe=2015&endPrdDe=2025&format=json&jsonVD=Y,
KOSIS,BIRTHS,KR-00,2016,406243.0,명,확정,2026-09-16T16:46:12+09:00,https://kosis.kr/openapi/Param/statisticsParameterData.do?method=getList&orgId=101&tblId=DT_1B8000H&itmId=T10&objL1=ALL&prdSe=Y&startPrdDe=2015&endPrdDe=2025&format=json&jsonVD=Y,
KOSIS,BIRTHS,KR-00,2017,357771.0,명,확정,2026-09-16T16:46:12+09:00,https://kosis.kr/openapi/Param/statisticsParameterData.do?method=getList&orgId=101&tblId=DT_1B8000H&itmId=T10&objL1=ALL&prdSe=Y&startPrdDe=2015&endPrdDe=2025&format=json&jsonVD=Y,
KOSIS,BIRTHS,KR-00,2018,326822.0,명,확정,2026-09-16T16:46:12+09:00,https://kosis.kr/openapi/Param/statisticsParameterData.do?method=getList&orgId=101&tblId=DT_1B8000H&itmId=T10&objL1=ALL&prdSe=Y&startPrdDe=2015&endPrdDe=2025&format=json&jsonVD=Y,
KOSIS,BIRTHS,KR-00,2019,302676.0,명,확정,2026-09-16T16:46:12+09:00,https://kosis.kr/openapi/Param/statisticsParameterData.do?method=getList&orgId=101&tblId=DT_1B8000H&itmId=T10&objL1=ALL&prdSe=Y&startPrdDe=2015&endPrdDe=2025&format=json&jsonVD=Y,
KOSIS,BIRTHS,KR-00,2020,272337.0,명,확정,2026-09-16T16:46:12+09:00,https://kosis.kr/openapi/Param/statisticsParameterData.do?method=getList&orgId=101&tblId=DT_1B8000H&itmId=T10&objL1=ALL&prdSe=Y&startPrdDe=2015&endPrdDe=2025&format=json&jsonVD=Y,
KOSIS,BIRTHS,KR-00,2021,260562.0,명,확정,2026-09-16T16:46:12+09:00,https://kosis.kr/openapi/Param/statisticsParameterData.do?method=getList&orgId=101&tblId=DT_1B8000H&itmId=T10&objL1=ALL&prdSe=Y&startPrdDe=2015&endPrdDe=2025&format=json&jsonVD=Y,
KOSIS,BIRTHS,KR-00,2022,249186.0,명,확정,2026-09-16T16:46:12+09:00,https://kosis.kr/openapi/Param/statisticsParameterData.do?method=getList&orgId=101&tblId=DT_1B8000H&itmId=T10&objL1=ALL&prdSe=Y&startPrdDe=2015&endPrdDe=2025&format=json&jsonVD=Y,
KOSIS,BIRTHS,KR-00,2023,230028.0,명,확정,2026-09-16T16:46:12+09:00,https://kosis.kr/openapi/Param/statisticsParameterData.do?method=getList&orgId=101&tblId=DT_1B8000H&itmId=T10&objL1=ALL&prdSe=Y&startPrdDe=2015&endPrdDe=2025&format=json&jsonVD=Y,
KOSIS,BIRTHS,KR-00,2024,238317.0,명,확정,2026-09-16T16:46:12+09:00,https://kosis.kr/openapi/Param/statisticsParameterData.do?method=getList&orgId=101&tblId=DT_1B8000H&itmId=T10&objL1=ALL&prdSe=Y&startPrdDe=2015&endPrdDe=2025&format=json&jsonVD=Y,
KOSIS,BIRTHS,KR-00,2025,254341.0,명,확정,2026-09-16T16:46:12+09:00,https://kosis.kr/openapi/Param/statisticsParameterData.do?method=getList&orgId=101&tblId=DT_1B8000H&itmId=T10&objL1=ALL&prdSe=Y&startPrdDe=2015&endPrdDe=2025&format=json&jsonVD=Y,
KOSIS,BIRTHS,KR-11,2015,83005.0,명,확정,2026-09-16T16:46:12+09:00,https://kosis.kr/openapi/Param/statisticsParameterData.do?method=getList&orgId=101&tblId=DT_1B8000H&itmId=T10&objL1=ALL&prdSe=Y&startPrdDe=2015&endPrdDe=2025&format=json&jsonVD=Y,
KOSIS,BIRTHS,KR-11,2016,75536.0,명,확정,2026-09-16T16:46:12+09:00,https://kosis.kr/openapi/Param/statisticsParameterData.do?method=getList&orgId=101&tblId=DT_1B8000H&itmId=T10&objL1=ALL&prdSe=Y&startPrdDe=2015&endPrdDe=2025&format=json&jsonVD=Y,
KOSIS,BIRTHS,KR-11,2017,65389.0,명,확정,2026-09-16T16:46:12+09:00,https://kosis.kr/openapi/Param/statisticsParameterData.do?method=getList&orgId=101&tblId=DT_1B8000H&itmId=T10&objL1=ALL&prdSe=Y&startPrdDe=2015&endPrdDe=2025&format=json&jsonVD=Y,
KOSIS,BIRTHS,KR-11,2018,58074.0,명,확정,2026-09-16T16:46:12+09:00,https://kosis.kr/openapi/Param/statisticsParameterData.do?method=getList&orgId=101&tblId=DT_1B8000H&itmId=T10&objL1=ALL&prdSe=Y&startPrdDe=2015&endPrdDe=2025&format=json&jsonVD=Y,
KOSIS,BIRTHS,KR-11,2019,53673.0,명,확정,2026-09-16T16:46:12+09:00,https://kosis.kr/openapi/Param/statisticsParameterData.do?method=getList&orgId=101&tblId=DT_1B8000H&itmId=T10&objL1=ALL&prdSe=Y&startPrdDe=2015&endPrdDe=2025&format=json&jsonVD=Y,
KOSIS,BIRTHS,KR-11,2020,47445.0,명,확정,2026-09-16T16:46:12+09:00,https://kosis.kr/openapi/Param/statisticsParameterData.do?method=getList&orgId=101&tblId=DT_1B8000H&itmId=T10&objL1=ALL&prdSe=Y&startPrdDe=2015&endPrdDe=2025&format=json&jsonVD=Y,
KOSIS,BIRTHS,KR-11,2021,45531.0,명,확정,2026-09-16T16:46:12+09:00,https://kosis.kr/openapi/Param/statisticsParameterData.do?method=getList&orgId=101&tblId=DT_1B8000H&itmId=T10&objL1=ALL&prdSe=Y&startPrdDe=2015&endPrdDe=2025&format=json&jsonVD=Y,
KOSIS,BIRTHS,KR-11,2022,42602.0,명,확정,2026-09-16T16:46:12+09:00,https://kosis.kr/openapi/Param/statisticsParameterData.do?method=getList&orgId=101&tblId=DT_1B8000H&itmId=T10&objL1=ALL&prdSe=Y&startPrdDe=2015&endPrdDe=2025&format=json&jsonVD=Y,
KOSIS,BIRTHS,KR-11,2023,39456.0,명,확정,2026-09-16T16:46:12+09:00,https://kosis.kr/openapi/Param/statisticsParameterData.do?method=getList&orgId=101&tblId=DT_1B8000H&itmId=T10&objL1=ALL&prdSe=Y&startPrdDe=2015&endPrdDe=2025&format=json&jsonVD=Y,
KOSIS,BIRTHS,KR-11,2024,41605.0,명,확정,2026-09-16T16:46:12+09:00,https://kosis.kr/openapi/Param/statisticsParameterData.do?method=getList&orgId=101&tblId=DT_1B8000H&itmId=T10&objL1=ALL&prdSe=Y&startPrdDe=2015&endPrdDe=2025&format=json&jsonVD=Y,
KOSIS,BIRTHS,KR-11,2025,45516.0,명,확정,2026-09-16T16:46:12+09:00,https://kosis.kr/openapi/Param/statisticsParameterData.do?method=getList&orgId=101&tblId=DT_1B8000H&itmId=T10&objL1=ALL&prdSe=Y&startPrdDe=2015&endPrdDe=2025&format=json&jsonVD=Y,
KOSIS,BIRTHS,KR-26,2015,26645.0,명,확정,2026-09-16T16:46:12+09:00,https://kosis.kr/openapi/Param/statisticsParameterData.do?method=getList&orgId=101&tblId=DT_1B8000H&itmId=T10&objL1=ALL&prdSe=Y&startPrdDe=2015&endPrdDe=2025&format=json&jsonVD=Y,
KOSIS,BIRTHS,KR-26,2016,24906.0,명,확정,2026-09-16T16:46:12+09:00,https://kosis.kr/openapi/Param/statisticsParameterData.do?method=getList&orgId=101&tblId=DT_1B8000H&itmId=T10&objL1=ALL&prdSe=Y&startPrdDe=2015&endPrdDe=2025&format=json&jsonVD=Y,
KOSIS,BIRTHS,KR-26,2017,21480.0,명,확정,2026-09-16T16:46:12+09:00,https://kosis.kr/openapi/Param/statisticsParameterData.do?method=getList&orgId=101&tblId=DT_1B8000H&itmId=T10&objL1=ALL&prdSe=Y&startPrdDe=2015&endPrdDe=2025&format=json&jsonVD=Y,
KOSIS,BIRTHS,KR-26,2018,19152.0,명,확정,2026-09-16T16:46:12+09:00,https://kosis.kr/openapi/Param/statisticsParameterData.do?method=getList&orgId=101&tblId=DT_1B8000H&itmId=T10&objL1=ALL&prdSe=Y&startPrdDe=2015&endPrdDe=2025&format=json&jsonVD=Y,
KOSIS,BIRTHS,KR-26,2019,17049.0,명,확정,2026-09-16T16:46:12+09:00,https://kosis.kr/openapi/Param/statisticsParameterData.do?method=getList&orgId=101&tblId=DT_1B8000H&itmId=T10&objL1=ALL&prdSe=Y&startPrdDe=2015&endPrdDe=2025&format=json&jsonVD=Y,
KOSIS,BIRTHS,KR-26,2020,15058.0,명,확정,2026-09-16T16:46:12+09:00,https://kosis.kr/openapi/Param/statisticsParameterData.do?method=getList&orgId=101&tblId=DT_1B8000H&itmId=T10&objL1=ALL&prdSe=Y&startPrdDe=2015&endPrdDe=2025&format=json&jsonVD=Y,
KOSIS,BIRTHS,KR-26,2021,14446.0,명,확정,2026-09-16T16:46:12+09:00,https://kosis.kr/openapi/Param/statisticsParameterData.do?method=getList&orgId=101&tblId=DT_1B8000H&itmId=T10&objL1=ALL&prdSe=Y&startPrdDe=2015&endPrdDe=2025&format=json&jsonVD=Y,
KOSIS,BIRTHS,KR-26,2022,14134.0,명,확정,2026-09-16T16:46:12+09:00,https://kosis.kr/openapi/Param/statisticsParameterData.do?method=getList&orgId=101&tblId=DT_1B8000H&itmId=T10&objL1=ALL&prdSe=Y&startPrdDe=2015&endPrdDe=2025&format=json&jsonVD=Y,
KOSIS,BIRTHS,KR-26,2023,12866.0,명,확정,2026-09-16T16:46:12+09:00,https://kosis.kr/openapi/Param/statisticsParameterData.do?method=getList&orgId=101&tblId=DT_1B8000H&itmId=T10&objL1=ALL&prdSe=Y&startPrdDe=2015&endPrdDe=2025&format=json&jsonVD=Y,
KOSIS,BIRTHS,KR-26,2024,13063.0,명,확정,2026-09-16T16:46:12+09:00,https://kosis.kr/openapi/Param/statisticsParameterData.do?method=getList&orgId=101&tblId=DT_1B8000H&itmId=T10&objL1=ALL&prdSe=Y&startPrdDe=2015&endPrdDe=2025&format=json&jsonVD=Y,
KOSIS,BIRTHS,KR-26,2025,14010.0,명,확정,2026-09-16T16:46:12+09:00,https://kosis.kr/openapi/Param/statisticsParameterData.do?method=getList&orgId=101&tblId=DT_1B8000H&itmId=T10&objL1=ALL&prdSe=Y&startPrdDe=2015&endPrdDe=2025&format=json&jsonVD=Y,
KOSIS,BIRTHS,KR-27,2015,19438.0,명,확정,2026-09-16T16:46:12+09:00,https://kosis.kr/openapi/Param/statisticsParameterData.do?method=getList&orgId=101&tblId=DT_1B8000H&itmId=T10&objL1=ALL&prdSe=Y&startPrdDe=2015&endPrdDe=2025&format=json&jsonVD=Y,
KOSIS,BIRTHS,KR-27,2016,18298.0,명,확정,2026-09-16T16:46:12+09:00,https://kosis.kr/openapi/Param/statisticsParameterData.do?method=getList&orgId=101&tblId=DT_1B8000H&itmId=T10&objL1=ALL&prdSe=Y&startPrdDe=2015&endPrdDe=2025&format=json&jsonVD=Y,
KOSIS,BIRTHS,KR-27,2017,15946.0,명,확정,2026-09-16T16:46:12+09:00,https://kosis.kr/openapi/Param/statisticsParameterData.do?method=getList&orgId=101&tblId=DT_1B8000H&itmId=T10&objL1=ALL&prdSe=Y&startPrdDe=2015&endPrdDe=2025&format=json&jsonVD=Y,
KOSIS,BIRTHS,KR-27,2018,14400.0,명,확정,2026-09-16T16:46:12+09:00,https://kosis.kr/openapi/Param/statisticsParameterData.do?method=getList&orgId=101&tblId=DT_1B8000H&itmId=T10&objL1=ALL&prdSe=Y&startPrdDe=2015&endPrdDe=2025&format=json&jsonVD=Y,
KOSIS,BIRTHS,KR-27,2019,13233.0,명,확정,2026-09-16T16:46:12+09:00,https://kosis.kr/openapi/Param/statisticsParameterData.do?method=getList&orgId=101&tblId=DT_1B8000H&itmId=T10&objL1=ALL&prdSe=Y&startPrdDe=2015&endPrdDe=2025&format=json&jsonVD=Y,
KOSIS,BIRTHS,KR-27,2020,11193.0,명,확정,2026-09-16T16:46:12+09:00,https://kosis.kr/openapi/Param/statisticsParameterData.do?method=getList&orgId=101&tblId=DT_1B8000H&itmId=T10&objL1=ALL&prdSe=Y&startPrdDe=2015&endPrdDe=2025&format=json&jsonVD=Y,
KOSIS,BIRTHS,KR-27,2021,10661.0,명,확정,2026-09-16T16:46:12+09:00,https://kosis.kr/openapi/Param/statisticsParameterData.do?method=getList&orgId=101&tblId=DT_1B8000H&itmId=T10&objL1=ALL&prdSe=Y&startPrdDe=2015&endPrdDe=2025&format=json&jsonVD=Y,
KOSIS,BIRTHS,KR-27,2022,10134.0,명,확정,2026-09-16T16:46:12+09:00,https://kosis.kr/openapi/Param/statisticsParameterData.do?method=getList&orgId=101&tblId=DT_1B8000H&itmId=T10&objL1=ALL&prdSe=Y&startPrdDe=2015&endPrdDe=2025&format=json&jsonVD=Y,
KOSIS,BIRTHS,KR-27,2023,9410.0,명,확정,2026-09-16T16:46:12+09:00,https://kosis.kr/openapi/Param/statisticsParameterData.do?method=getList&orgId=101&tblId=DT_1B8000H&itmId=T10&objL1=ALL&prdSe=Y&startPrdDe=2015&endPrdDe=2025&format=json&jsonVD=Y,
KOSIS,BIRTHS,KR-27,2024,10103.0,명,확정,2026-09-16T16:46:12+09:00,https://kosis.kr/openapi/Param/statisticsParameterData.do?method=getList&orgId=101&tblId=DT_1B8000H&itmId=T10&objL1=ALL&prdSe=Y&startPrdDe=2015&endPrdDe=2025&format=json&jsonVD=Y,
KOSIS,BIRTHS,KR-27,2025,10819.0,명,확정,2026-09-16T16:46:12+09:00,https://kosis.kr/openapi/Param/statisticsParameterData.do?method=getList&orgId=101&tblId=DT_1B8000H&itmId=T10&objL1=ALL&prdSe=Y&startPrdDe=2015&endPrdDe=2025&format=json&jsonVD=Y,
KOSIS,BIRTHS,KR-28,2015,25491.0,명,확정,2026-09-16T16:46:12+09:00,https://kosis.kr/openapi/Param/statisticsParameterData.do?method=getList&orgId=101&tblId=DT_1B8000H&itmId=T10&objL1=ALL&prdSe=Y&startPrdDe=2015&endPrdDe=2025&format=json&jsonVD=Y,
KOSIS,BIRTHS,KR-28,2016,23609.0,명,확정,2026-09-16T16:46:12+09:00,https://kosis.kr/openapi/Param/statisticsParameterData.do?method=getList&orgId=101&tblId=DT_1B8000H&itmId=T10&objL1=ALL&prdSe=Y&startPrdDe=2015&endPrdDe=2025&format=json&jsonVD=Y,
KOSIS,BIRTHS,KR-28,2017,20445.0,명,확정,2026-09-16T16:46:12+09:00,https://kosis.kr/openapi/Param/statisticsParameterData.do?method=getList&orgId=101&tblId=DT_1B8000H&itmId=T10&objL1=ALL&prdSe=Y&startPrdDe=2015&endPrdDe=2025&format=json&jsonVD=Y,
KOSIS,BIRTHS,KR-28,2018,20087.0,명,확정,2026-09-16T16:46:12+09:00,https://kosis.kr/openapi/Param/statisticsParameterData.do?method=getList&orgId=101&tblId=DT_1B8000H&itmId=T10&objL1=ALL&prdSe=Y&startPrdDe=2015&endPrdDe=2025&format=json&jsonVD=Y,
KOSIS,BIRTHS,KR-28,2019,18522.0,명,확정,2026-09-16T16:46:12+09:00,https://kosis.kr/openapi/Param/statisticsParameterData.do?method=getList&orgId=101&tblId=DT_1B8000H&itmId=T10&objL1=ALL&prdSe=Y&startPrdDe=2015&endPrdDe=2025&format=json&jsonVD=Y,
KOSIS,BIRTHS,KR-28,2020,16040.0,명,확정,2026-09-16T16:46:12+09:00,https://kosis.kr/openapi/Param/statisticsParameterData.do?method=getList&orgId=101&tblId=DT_1B8000H&itmId=T10&objL1=ALL&prdSe=Y&startPrdDe=2015&endPrdDe=2025&format=json&jsonVD=Y,
KOSIS,BIRTHS,KR-28,2021,14947.0,명,확정,2026-09-16T16:46:12+09:00,https://kosis.kr/openapi/Param/statisticsParameterData.do?method=getList&orgId=101&tblId=DT_1B8000H&itmId=T10&objL1=ALL&prdSe=Y&startPrdDe=2015&endPrdDe=2025&format=json&jsonVD=Y,
KOSIS,BIRTHS,KR-28,2022,14464.0,명,확정,2026-09-16T16:46:12+09:00,https://kosis.kr/openapi/Param/statisticsParameterData.do?method=getList&orgId=101&tblId=DT_1B8000H&itmId=T10&objL1=ALL&prdSe=Y&startPrdDe=2015&endPrdDe=2025&format=json&jsonVD=Y,
KOSIS,BIRTHS,KR-28,2023,13659.0,명,확정,2026-09-16T16:46:12+09:00,https://kosis.kr/openapi/Param/statisticsParameterData.do?method=getList&orgId=101&tblId=DT_1B8000H&itmId=T10&objL1=ALL&prdSe=Y&startPrdDe=2015&endPrdDe=2025&format=json&jsonVD=Y,
KOSIS,BIRTHS,KR-28,2024,15236.0,명,확정,2026-09-16T16:46:12+09:00,https://kosis.kr/openapi/Param/statisticsParameterData.do?method=getList&orgId=101&tblId=DT_1B8000H&itmId=T10&objL1=ALL&prdSe=Y&startPrdDe=2015&endPrdDe=2025&format=json&jsonVD=Y,
KOSIS,BIRTHS,KR-28,2025,16581.0,명,확정,2026-09-16T16:46:12+09:00,https://kosis.kr/openapi/Param/statisticsParameterData.do?method=getList&orgId=101&tblId=DT_1B8000H&itmId=T10&objL1=ALL&prdSe=Y&startPrdDe=2015&endPrdDe=2025&format=json&jsonVD=Y,
KOSIS,BIRTHS,KR-29,2015,12441.0,명,확정,2026-09-16T16:46:12+09:00,https://kosis.kr/openapi/Param/statisticsParameterData.do?method=getList&orgId=101&tblId=DT_1B8000H&itmId=T10&objL1=ALL&prdSe=Y&startPrdDe=2015&endPrdDe=2025&format=json&jsonVD=Y,
KOSIS,BIRTHS,KR-29,2016,11580.0,명,확정,2026-09-16T16:46:12+09:00,https://kosis.kr/openapi/Param/statisticsParameterData.do?method=getList&orgId=101&tblId=DT_1B8000H&itmId=T10&objL1=ALL&prdSe=Y&startPrdDe=2015&endPrdDe=2025&format=json&jsonVD=Y,
KOSIS,BIRTHS,KR-29,2017,10120.0,명,확정,2026-09-16T16:46:12+09:00,https://kosis.kr/openapi/Param/statisticsParameterData.do?method=getList&orgId=101&tblId=DT_1B8000H&itmId=T10&objL1=ALL&prdSe=Y&startPrdDe=2015&endPrdDe=2025&format=json&jsonVD=Y,
KOSIS,BIRTHS,KR-29,2018,9105.0,명,확정,2026-09-16T16:46:12+09:00,https://kosis.kr/openapi/Param/statisticsParameterData.do?method=getList&orgId=101&tblId=DT_1B8000H&itmId=T10&objL1=ALL&prdSe=Y&startPrdDe=2015&endPrdDe=2025&format=json&jsonVD=Y,
KOSIS,BIRTHS,KR-29,2019,8364.0,명,확정,2026-09-16T16:46:12+09:00,https://kosis.kr/openapi/Param/statisticsParameterData.do?method=getList&orgId=101&tblId=DT_1B8000H&itmId=T10&objL1=ALL&prdSe=Y&startPrdDe=2015&endPrdDe=2025&format=json&jsonVD=Y,
KOSIS,BIRTHS,KR-29,2020,7318.0,명,확정,2026-09-16T16:46:12+09:00,https://kosis.kr/openapi/Param/statisticsParameterData.do?method=getList&orgId=101&tblId=DT_1B8000H&itmId=T10&objL1=ALL&prdSe=Y&startPrdDe=2015&endPrdDe=2025&format=json&jsonVD=Y,
KOSIS,BIRTHS,KR-29,2021,7956.0,명,확정,2026-09-16T16:46:12+09:00,https://kosis.kr/openapi/Param/statisticsParameterData.do?method=getList&orgId=101&tblId=DT_1B8000H&itmId=T10&objL1=ALL&prdSe=Y&startPrdDe=2015&endPrdDe=2025&format=json&jsonVD=Y,
KOSIS,BIRTHS,KR-29,2022,7446.0,명,확정,2026-09-16T16:46:12+09:00,https://kosis.kr/openapi/Param/statisticsParameterData.do?method=getList&orgId=101&tblId=DT_1B8000H&itmId=T10&objL1=ALL&prdSe=Y&startPrdDe=2015&endPrdDe=2025&format=json&jsonVD=Y,
KOSIS,BIRTHS,KR-29,2023,6172.0,명,확정,2026-09-16T16:46:12+09:00,https://kosis.kr/openapi/Param/statisticsParameterData.do?method=getList&orgId=101&tblId=DT_1B8000H&itmId=T10&objL1=ALL&prdSe=Y&startPrdDe=2015&endPrdDe=2025&format=json&jsonVD=Y,
KOSIS,BIRTHS,KR-29,2024,6034.0,명,확정,2026-09-16T16:46:12+09:00,https://kosis.kr/openapi/Param/statisticsParameterData.do?method=getList&orgId=101&tblId=DT_1B8000H&itmId=T10&objL1=ALL&prdSe=Y&startPrdDe=2015&endPrdDe=2025&format=json&jsonVD=Y,
KOSIS,BIRTHS,KR-29,2025,6495.0,명,확정,2026-09-16T16:46:12+09:00,https://kosis.kr/openapi/Param/statisticsParameterData.do?method=getList&orgId=101&tblId=DT_1B8000H&itmId=T10&objL1=ALL&prdSe=Y&startPrdDe=2015&endPrdDe=2025&format=json&jsonVD=Y,
KOSIS,BIRTHS,KR-30,2015,13774.0,명,확정,2026-09-16T16:46:12+09:00,https://kosis.kr/openapi/Param/statisticsParameterData.do?method=getList&orgId=101&tblId=DT_1B8000H&itmId=T10&objL1=ALL&prdSe=Y&startPrdDe=2015&endPrdDe=2025&format=json&jsonVD=Y,
KOSIS,BIRTHS,KR-30,2016,12436.0,명,확정,2026-09-16T16:46:12+09:00,https://kosis.kr/openapi/Param/statisticsParameterData.do?method=getList&orgId=101&tblId=DT_1B8000H&itmId=T10&objL1=ALL&prdSe=Y&startPrdDe=2015&endPrdDe=2025&format=json&jsonVD=Y,
KOSIS,BIRTHS,KR-30,2017,10851.0,명,확정,2026-09-16T16:46:12+09:00,https://kosis.kr/openapi/Param/statisticsParameterData.do?method=getList&orgId=101&tblId=DT_1B8000H&itmId=T10&objL1=ALL&prdSe=Y&startPrdDe=2015&endPrdDe=2025&format=json&jsonVD=Y,
KOSIS,BIRTHS,KR-30,2018,9337.0,명,확정,2026-09-16T16:46:12+09:00,https://kosis.kr/openapi/Param/statisticsParameterData.do?method=getList&orgId=101&tblId=DT_1B8000H&itmId=T10&objL1=ALL&prdSe=Y&startPrdDe=2015&endPrdDe=2025&format=json&jsonVD=Y,
KOSIS,BIRTHS,KR-30,2019,8410.0,명,확정,2026-09-16T16:46:12+09:00,https://kosis.kr/openapi/Param/statisticsParameterData.do?method=getList&orgId=101&tblId=DT_1B8000H&itmId=T10&objL1=ALL&prdSe=Y&startPrdDe=2015&endPrdDe=2025&format=json&jsonVD=Y,
KOSIS,BIRTHS,KR-30,2020,7481.0,명,확정,2026-09-16T16:46:12+09:00,https://kosis.kr/openapi/Param/statisticsParameterData.do?method=getList&orgId=101&tblId=DT_1B8000H&itmId=T10&objL1=ALL&prdSe=Y&startPrdDe=2015&endPrdDe=2025&format=json&jsonVD=Y,
KOSIS,BIRTHS,KR-30,2021,7414.0,명,확정,2026-09-16T16:46:12+09:00,https://kosis.kr/openapi/Param/statisticsParameterData.do?method=getList&orgId=101&tblId=DT_1B8000H&itmId=T10&objL1=ALL&prdSe=Y&startPrdDe=2015&endPrdDe=2025&format=json&jsonVD=Y,
KOSIS,BIRTHS,KR-30,2022,7677.0,명,확정,2026-09-16T16:46:12+09:00,https://kosis.kr/openapi/Param/statisticsParameterData.do?method=getList&orgId=101&tblId=DT_1B8000H&itmId=T10&objL1=ALL&prdSe=Y&startPrdDe=2015&endPrdDe=2025&format=json&jsonVD=Y,
KOSIS,BIRTHS,KR-30,2023,7194.0,명,확정,2026-09-16T16:46:12+09:00,https://kosis.kr/openapi/Param/statisticsParameterData.do?method=getList&orgId=101&tblId=DT_1B8000H&itmId=T10&objL1=ALL&prdSe=Y&startPrdDe=2015&endPrdDe=2025&format=json&jsonVD=Y,
KOSIS,BIRTHS,KR-30,2024,7266.0,명,확정,2026-09-16T16:46:12+09:00,https://kosis.kr/openapi/Param/statisticsParameterData.do?method=getList&orgId=101&tblId=DT_1B8000H&itmId=T10&objL1=ALL&prdSe=Y&startPrdDe=2015&endPrdDe=2025&format=json&jsonVD=Y,
KOSIS,BIRTHS,KR-30,2025,7673.0,명,확정,2026-09-16T16:46:12+09:00,https://kosis.kr/openapi/Param/statisticsParameterData.do?method=getList&orgId=101&tblId=DT_1B8000H&itmId=T10&objL1=ALL&prdSe=Y&startPrdDe=2015&endPrdDe=2025&format=json&jsonVD=Y,
KOSIS,BIRTHS,KR-31,2015,11732.0,명,확정,2026-09-16T16:46:12+09:00,https://kosis.kr/openapi/Param/statisticsParameterData.do?method=getList&orgId=101&tblId=DT_1B8000H&itmId=T10&objL1=ALL&prdSe=Y&startPrdDe=2015&endPrdDe=2025&format=json&jsonVD=Y,
KOSIS,BIRTHS,KR-31,2016,10910.0,명,확정,2026-09-16T16:46:12+09:00,https://kosis.kr/openapi/Param/statisticsParameterData.do?method=getList&orgId=101&tblId=DT_1B8000H&itmId=T10&objL1=ALL&prdSe=Y&startPrdDe=2015&endPrdDe=2025&format=json&jsonVD=Y,
KOSIS,BIRTHS,KR-31,2017,9381.0,명,확정,2026-09-16T16:46:12+09:00,https://kosis.kr/openapi/Param/statisticsParameterData.do?method=getList&orgId=101&tblId=DT_1B8000H&itmId=T10&objL1=ALL&prdSe=Y&startPrdDe=2015&endPrdDe=2025&format=json&jsonVD=Y,
KOSIS,BIRTHS,KR-31,2018,8149.0,명,확정,2026-09-16T16:46:12+09:00,https://kosis.kr/openapi/Param/statisticsParameterData.do?method=getList&orgId=101&tblId=DT_1B8000H&itmId=T10&objL1=ALL&prdSe=Y&startPrdDe=2015&endPrdDe=2025&format=json&jsonVD=Y,
KOSIS,BIRTHS,KR-31,2019,7539.0,명,확정,2026-09-16T16:46:12+09:00,https://kosis.kr/openapi/Param/statisticsParameterData.do?method=getList&orgId=101&tblId=DT_1B8000H&itmId=T10&objL1=ALL&prdSe=Y&startPrdDe=2015&endPrdDe=2025&format=json&jsonVD=Y,
KOSIS,BIRTHS,KR-31,2020,6617.0,명,확정,2026-09-16T16:46:12+09:00,https://kosis.kr/openapi/Param/statisticsParameterData.do?method=getList&orgId=101&tblId=DT_1B8000H&itmId=T10&objL1=ALL&prdSe=Y&startPrdDe=2015&endPrdDe=2025&format=json&jsonVD=Y,
KOSIS,BIRTHS,KR-31,2021,6127.0,명,확정,2026-09-16T16:46:12+09:00,https://kosis.kr/openapi/Param/statisticsParameterData.do?method=getList&orgId=101&tblId=DT_1B8000H&itmId=T10&objL1=ALL&prdSe=Y&startPrdDe=2015&endPrdDe=2025&format=json&jsonVD=Y,
KOSIS,BIRTHS,KR-31,2022,5399.0,명,확정,2026-09-16T16:46:12+09:00,https://kosis.kr/openapi/Param/statisticsParameterData.do?method=getList&orgId=101&tblId=DT_1B8000H&itmId=T10&objL1=ALL&prdSe=Y&startPrdDe=2015&endPrdDe=2025&format=json&jsonVD=Y,
KOSIS,BIRTHS,KR-31,2023,5082.0,명,확정,2026-09-16T16:46:12+09:00,https://kosis.kr/openapi/Param/statisticsParameterData.do?method=getList&orgId=101&tblId=DT_1B8000H&itmId=T10&objL1=ALL&prdSe=Y&startPrdDe=2015&endPrdDe=2025&format=json&jsonVD=Y,
KOSIS,BIRTHS,KR-31,2024,5282.0,명,확정,2026-09-16T16:46:12+09:00,https://kosis.kr/openapi/Param/statisticsParameterData.do?method=getList&orgId=101&tblId=DT_1B8000H&itmId=T10&objL1=ALL&prdSe=Y&startPrdDe=2015&endPrdDe=2025&format=json&jsonVD=Y,
KOSIS,BIRTHS,KR-31,2025,5574.0,명,확정,2026-09-16T16:46:12+09:00,https://kosis.kr/openapi/Param/statisticsParameterData.do?method=getList&orgId=101&tblId=DT_1B8000H&itmId=T10&objL1=ALL&prdSe=Y&startPrdDe=2015&endPrdDe=2025&format=json&jsonVD=Y,
KOSIS,BIRTHS,KR-36,2015,2708.0,명,확정,2026-09-16T16:46:12+09:00,https://kosis.kr/openapi/Param/statisticsParameterData.do?method=getList&orgId=101&tblId=DT_1B8000H&itmId=T10&objL1=ALL&prdSe=Y&startPrdDe=2015&endPrdDe=2025&format=json&jsonVD=Y,
KOSIS,BIRTHS,KR-36,2016,3297.0,명,확정,2026-09-16T16:46:12+09:00,https://kosis.kr/openapi/Param/statisticsParameterData.do?method=getList&orgId=101&tblId=DT_1B8000H&itmId=T10&objL1=ALL&prdSe=Y&startPrdDe=2015&endPrdDe=2025&format=json&jsonVD=Y,
KOSIS,BIRTHS,KR-36,2017,3504.0,명,확정,2026-09-16T16:46:12+09:00,https://kosis.kr/openapi/Param/statisticsParameterData.do?method=getList&orgId=101&tblId=DT_1B8000H&itmId=T10&objL1=ALL&prdSe=Y&startPrdDe=2015&endPrdDe=2025&format=json&jsonVD=Y,
KOSIS,BIRTHS,KR-36,2018,3703.0,명,확정,2026-09-16T16:46:12+09:00,https://kosis.kr/openapi/Param/statisticsParameterData.do?method=getList&orgId=101&tblId=DT_1B8000H&itmId=T10&objL1=ALL&prdSe=Y&startPrdDe=2015&endPrdDe=2025&format=json&jsonVD=Y,
KOSIS,BIRTHS,KR-36,2019,3819.0,명,확정,2026-09-16T16:46:12+09:00,https://kosis.kr/openapi/Param/statisticsParameterData.do?method=getList&orgId=101&tblId=DT_1B8000H&itmId=T10&objL1=ALL&prdSe=Y&startPrdDe=2015&endPrdDe=2025&format=json&jsonVD=Y,
KOSIS,BIRTHS,KR-36,2020,3468.0,명,확정,2026-09-16T16:46:12+09:00,https://kosis.kr/openapi/Param/statisticsParameterData.do?method=getList&orgId=101&tblId=DT_1B8000H&itmId=T10&objL1=ALL&prdSe=Y&startPrdDe=2015&endPrdDe=2025&format=json&jsonVD=Y,
KOSIS,BIRTHS,KR-36,2021,3570.0,명,확정,2026-09-16T16:46:12+09:00,https://kosis.kr/openapi/Param/statisticsParameterData.do?method=getList&orgId=101&tblId=DT_1B8000H&itmId=T10&objL1=ALL&prdSe=Y&startPrdDe=2015&endPrdDe=2025&format=json&jsonVD=Y,
KOSIS,BIRTHS,KR-36,2022,3209.0,명,확정,2026-09-16T16:46:12+09:00,https://kosis.kr/openapi/Param/statisticsParameterData.do?method=getList&orgId=101&tblId=DT_1B8000H&itmId=T10&objL1=ALL&prdSe=Y&startPrdDe=2015&endPrdDe=2025&format=json&jsonVD=Y,
KOSIS,BIRTHS,KR-36,2023,2761.0,명,확정,2026-09-16T16:46:12+09:00,https://kosis.kr/openapi/Param/statisticsParameterData.do?method=getList&orgId=101&tblId=DT_1B8000H&itmId=T10&objL1=ALL&prdSe=Y&startPrdDe=2015&endPrdDe=2025&format=json&jsonVD=Y,
KOSIS,BIRTHS,KR-36,2024,2895.0,명,확정,2026-09-16T16:46:12+09:00,https://kosis.kr/openapi/Param/statisticsParameterData.do?method=getList&orgId=101&tblId=DT_1B8000H&itmId=T10&objL1=ALL&prdSe=Y&startPrdDe=2015&endPrdDe=2025&format=json&jsonVD=Y,
KOSIS,BIRTHS,KR-36,2025,2954.0,명,확정,2026-09-16T16:46:12+09:00,https://kosis.kr/openapi/Param/statisticsParameterData.do?method=getList&orgId=101&tblId=DT_1B8000H&itmId=T10&objL1=ALL&prdSe=Y&startPrdDe=2015&endPrdDe=2025&format=json&jsonVD=Y,
KOSIS,BIRTHS,KR-41,2015,113495.0,명,확정,2026-09-16T16:46:12+09:00,https://kosis.kr/openapi/Param/statisticsParameterData.do?method=getList&orgId=101&tblId=DT_1B8000H&itmId=T10&objL1=ALL&prdSe=Y&startPrdDe=2015&endPrdDe=2025&format=json&jsonVD=Y,
KOSIS,BIRTHS,KR-41,2016,105643.0,명,확정,2026-09-16T16:46:12+09:00,https://kosis.kr/openapi/Param/statisticsParameterData.do?method=getList&orgId=101&tblId=DT_1B8000H&itmId=T10&objL1=ALL&prdSe=Y&startPrdDe=2015&endPrdDe=2025&format=json&jsonVD=Y,
KOSIS,BIRTHS,KR-41,2017,94088.0,명,확정,2026-09-16T16:46:12+09:00,https://kosis.kr/openapi/Param/statisticsParameterData.do?method=getList&orgId=101&tblId=DT_1B8000H&itmId=T10&objL1=ALL&prdSe=Y&startPrdDe=2015&endPrdDe=2025&format=json&jsonVD=Y,
KOSIS,BIRTHS,KR-41,2018,88175.0,명,확정,2026-09-16T16:46:12+09:00,https://kosis.kr/openapi/Param/statisticsParameterData.do?method=getList&orgId=101&tblId=DT_1B8000H&itmId=T10&objL1=ALL&prdSe=Y&startPrdDe=2015&endPrdDe=2025&format=json&jsonVD=Y,
KOSIS,BIRTHS,KR-41,2019,83198.0,명,확정,2026-09-16T16:46:12+09:00,https://kosis.kr/openapi/Param/statisticsParameterData.do?method=getList&orgId=101&tblId=DT_1B8000H&itmId=T10&objL1=ALL&prdSe=Y&startPrdDe=2015&endPrdDe=2025&format=json&jsonVD=Y,
KOSIS,BIRTHS,KR-41,2020,77737.0,명,확정,2026-09-16T16:46:12+09:00,https://kosis.kr/openapi/Param/statisticsParameterData.do?method=getList&orgId=101&tblId=DT_1B8000H&itmId=T10&objL1=ALL&prdSe=Y&startPrdDe=2015&endPrdDe=2025&format=json&jsonVD=Y,
KOSIS,BIRTHS,KR-41,2021,76139.0,명,확정,2026-09-16T16:46:12+09:00,https://kosis.kr/openapi/Param/statisticsParameterData.do?method=getList&orgId=101&tblId=DT_1B8000H&itmId=T10&objL1=ALL&prdSe=Y&startPrdDe=2015&endPrdDe=2025&format=json&jsonVD=Y,
KOSIS,BIRTHS,KR-41,2022,75323.0,명,확정,2026-09-16T16:46:12+09:00,https://kosis.kr/openapi/Param/statisticsParameterData.do?method=getList&orgId=101&tblId=DT_1B8000H&itmId=T10&objL1=ALL&prdSe=Y&startPrdDe=2015&endPrdDe=2025&format=json&jsonVD=Y,
KOSIS,BIRTHS,KR-41,2023,68817.0,명,확정,2026-09-16T16:46:12+09:00,https://kosis.kr/openapi/Param/statisticsParameterData.do?method=getList&orgId=101&tblId=DT_1B8000H&itmId=T10&objL1=ALL&prdSe=Y&startPrdDe=2015&endPrdDe=2025&format=json&jsonVD=Y,
KOSIS,BIRTHS,KR-41,2024,71285.0,명,확정,2026-09-16T16:46:12+09:00,https://kosis.kr/openapi/Param/statisticsParameterData.do?method=getList&orgId=101&tblId=DT_1B8000H&itmId=T10&objL1=ALL&prdSe=Y&startPrdDe=2015&endPrdDe=2025&format=json&jsonVD=Y,
KOSIS,BIRTHS,KR-41,2025,76309.0,명,확정,2026-09-16T16:46:12+09:00,https://kosis.kr/openapi/Param/statisticsParameterData.do?method=getList&orgId=101&tblId=DT_1B8000H&itmId=T10&objL1=ALL&prdSe=Y&startPrdDe=2015&endPrdDe=2025&format=json&jsonVD=Y,
KOSIS,BIRTHS,KR-51,2015,10929.0,명,확정,2026-09-16T16:46:12+09:00,https://kosis.kr/openapi/Param/statisticsParameterData.do?method=getList&orgId=101&tblId=DT_1B8000H&itmId=T10&objL1=ALL&prdSe=Y&startPrdDe=2015&endPrdDe=2025&format=json&jsonVD=Y,
KOSIS,BIRTHS,KR-51,2016,10058.0,명,확정,2026-09-16T16:46:12+09:00,https://kosis.kr/openapi/Param/statisticsParameterData.do?method=getList&orgId=101&tblId=DT_1B8000H&itmId=T10&objL1=ALL&prdSe=Y&startPrdDe=2015&endPrdDe=2025&format=json&jsonVD=Y,
KOSIS,BIRTHS,KR-51,2017,8958.0,명,확정,2026-09-16T16:46:12+09:00,https://kosis.kr/openapi/Param/statisticsParameterData.do?method=getList&orgId=101&tblId=DT_1B8000H&itmId=T10&objL1=ALL&prdSe=Y&startPrdDe=2015&endPrdDe=2025&format=json&jsonVD=Y,
KOSIS,BIRTHS,KR-51,2018,8351.0,명,확정,2026-09-16T16:46:12+09:00,https://kosis.kr/openapi/Param/statisticsParameterData.do?method=getList&orgId=101&tblId=DT_1B8000H&itmId=T10&objL1=ALL&prdSe=Y&startPrdDe=2015&endPrdDe=2025&format=json&jsonVD=Y,
KOSIS,BIRTHS,KR-51,2019,8283.0,명,확정,2026-09-16T16:46:12+09:00,https://kosis.kr/openapi/Param/statisticsParameterData.do?method=getList&orgId=101&tblId=DT_1B8000H&itmId=T10&objL1=ALL&prdSe=Y&startPrdDe=2015&endPrdDe=2025&format=json&jsonVD=Y,
KOSIS,BIRTHS,KR-51,2020,7835.0,명,확정,2026-09-16T16:46:12+09:00,https://kosis.kr/openapi/Param/statisticsParameterData.do?method=getList&orgId=101&tblId=DT_1B8000H&itmId=T10&objL1=ALL&prdSe=Y&startPrdDe=2015&endPrdDe=2025&format=json&jsonVD=Y,
KOSIS,BIRTHS,KR-51,2021,7357.0,명,확정,2026-09-16T16:46:12+09:00,https://kosis.kr/openapi/Param/statisticsParameterData.do?method=getList&orgId=101&tblId=DT_1B8000H&itmId=T10&objL1=ALL&prdSe=Y&startPrdDe=2015&endPrdDe=2025&format=json&jsonVD=Y,
KOSIS,BIRTHS,KR-51,2022,7278.0,명,확정,2026-09-16T16:46:12+09:00,https://kosis.kr/openapi/Param/statisticsParameterData.do?method=getList&orgId=101&tblId=DT_1B8000H&itmId=T10&objL1=ALL&prdSe=Y&startPrdDe=2015&endPrdDe=2025&format=json&jsonVD=Y,
KOSIS,BIRTHS,KR-51,2023,6688.0,명,확정,2026-09-16T16:46:12+09:00,https://kosis.kr/openapi/Param/statisticsParameterData.do?method=getList&orgId=101&tblId=DT_1B8000H&itmId=T10&objL1=ALL&prdSe=Y&startPrdDe=2015&endPrdDe=2025&format=json&jsonVD=Y,
KOSIS,BIRTHS,KR-51,2024,6592.0,명,확정,2026-09-16T16:46:12+09:00,https://kosis.kr/openapi/Param/statisticsParameterData.do?method=getList&orgId=101&tblId=DT_1B8000H&itmId=T10&objL1=ALL&prdSe=Y&startPrdDe=2015&endPrdDe=2025&format=json&jsonVD=Y,
KOSIS,BIRTHS,KR-51,2025,6677.0,명,확정,2026-09-16T16:46:12+09:00,https://kosis.kr/openapi/Param/statisticsParameterData.do?method=getList&orgId=101&tblId=DT_1B8000H&itmId=T10&objL1=ALL&prdSe=Y&startPrdDe=2015&endPrdDe=2025&format=json&jsonVD=Y,
KOSIS,BIRTHS,KR-43,2015,13563.0,명,확정,2026-09-16T16:46:12+09:00,https://kosis.kr/openapi/Param/statisticsParameterData.do?method=getList&orgId=101&tblId=DT_1B8000H&itmId=T10&objL1=ALL&prdSe=Y&startPrdDe=2015&endPrdDe=2025&format=json&jsonVD=Y,
KOSIS,BIRTHS,KR-43,2016,12742.0,명,확정,2026-09-16T16:46:12+09:00,https://kosis.kr/openapi/Param/statisticsParameterData.do?method=getList&orgId=101&tblId=DT_1B8000H&itmId=T10&objL1=ALL&prdSe=Y&startPrdDe=2015&endPrdDe=2025&format=json&jsonVD=Y,
KOSIS,BIRTHS,KR-43,2017,11394.0,명,확정,2026-09-16T16:46:12+09:00,https://kosis.kr/openapi/Param/statisticsParameterData.do?method=getList&orgId=101&tblId=DT_1B8000H&itmId=T10&objL1=ALL&prdSe=Y&startPrdDe=2015&endPrdDe=2025&format=json&jsonVD=Y,
KOSIS,BIRTHS,KR-43,2018,10586.0,명,확정,2026-09-16T16:46:12+09:00,https://kosis.kr/openapi/Param/statisticsParameterData.do?method=getList&orgId=101&tblId=DT_1B8000H&itmId=T10&objL1=ALL&prdSe=Y&startPrdDe=2015&endPrdDe=2025&format=json&jsonVD=Y,
KOSIS,BIRTHS,KR-43,2019,9333.0,명,확정,2026-09-16T16:46:12+09:00,https://kosis.kr/openapi/Param/statisticsParameterData.do?method=getList&orgId=101&tblId=DT_1B8000H&itmId=T10&objL1=ALL&prdSe=Y&startPrdDe=2015&endPrdDe=2025&format=json&jsonVD=Y,
KOSIS,BIRTHS,KR-43,2020,8607.0,명,확정,2026-09-16T16:46:12+09:00,https://kosis.kr/openapi/Param/statisticsParameterData.do?method=getList&orgId=101&tblId=DT_1B8000H&itmId=T10&objL1=ALL&prdSe=Y&startPrdDe=2015&endPrdDe=2025&format=json&jsonVD=Y,
KOSIS,BIRTHS,KR-43,2021,8190.0,명,확정,2026-09-16T16:46:12+09:00,https://kosis.kr/openapi/Param/statisticsParameterData.do?method=getList&orgId=101&tblId=DT_1B8000H&itmId=T10&objL1=ALL&prdSe=Y&startPrdDe=2015&endPrdDe=2025&format=json&jsonVD=Y,
KOSIS,BIRTHS,KR-43,2022,7452.0,명,확정,2026-09-16T16:46:12+09:00,https://kosis.kr/openapi/Param/statisticsParameterData.do?method=getList&orgId=101&tblId=DT_1B8000H&itmId=T10&objL1=ALL&prdSe=Y&startPrdDe=2015&endPrdDe=2025&format=json&jsonVD=Y,
KOSIS,BIRTHS,KR-43,2023,7580.0,명,확정,2026-09-16T16:46:12+09:00,https://kosis.kr/openapi/Param/statisticsParameterData.do?method=getList&orgId=101&tblId=DT_1B8000H&itmId=T10&objL1=ALL&prdSe=Y&startPrdDe=2015&endPrdDe=2025&format=json&jsonVD=Y,
KOSIS,BIRTHS,KR-43,2024,7540.0,명,확정,2026-09-16T16:46:12+09:00,https://kosis.kr/openapi/Param/statisticsParameterData.do?method=getList&orgId=101&tblId=DT_1B8000H&itmId=T10&objL1=ALL&prdSe=Y&startPrdDe=2015&endPrdDe=2025&format=json&jsonVD=Y,
KOSIS,BIRTHS,KR-43,2025,8229.0,명,확정,2026-09-16T16:46:12+09:00,https://kosis.kr/openapi/Param/statisticsParameterData.do?method=getList&orgId=101&tblId=DT_1B8000H&itmId=T10&objL1=ALL&prdSe=Y&startPrdDe=2015&endPrdDe=2025&format=json&jsonVD=Y,
KOSIS,BIRTHS,KR-44,2015,18604.0,명,확정,2026-09-16T16:46:12+09:00,https://kosis.kr/openapi/Param/statisticsParameterData.do?method=getList&orgId=101&tblId=DT_1B8000H&itmId=T10&objL1=ALL&prdSe=Y&startPrdDe=2015&endPrdDe=2025&format=json&jsonVD=Y,
KOSIS,BIRTHS,KR-44,2016,17302.0,명,확정,2026-09-16T16:46:12+09:00,https://kosis.kr/openapi/Param/statisticsParameterData.do?method=getList&orgId=101&tblId=DT_1B8000H&itmId=T10&objL1=ALL&prdSe=Y&startPrdDe=2015&endPrdDe=2025&format=json&jsonVD=Y,
KOSIS,BIRTHS,KR-44,2017,15670.0,명,확정,2026-09-16T16:46:12+09:00,https://kosis.kr/openapi/Param/statisticsParameterData.do?method=getList&orgId=101&tblId=DT_1B8000H&itmId=T10&objL1=ALL&prdSe=Y&startPrdDe=2015&endPrdDe=2025&format=json&jsonVD=Y,
KOSIS,BIRTHS,KR-44,2018,14380.0,명,확정,2026-09-16T16:46:12+09:00,https://kosis.kr/openapi/Param/statisticsParameterData.do?method=getList&orgId=101&tblId=DT_1B8000H&itmId=T10&objL1=ALL&prdSe=Y&startPrdDe=2015&endPrdDe=2025&format=json&jsonVD=Y,
KOSIS,BIRTHS,KR-44,2019,13228.0,명,확정,2026-09-16T16:46:12+09:00,https://kosis.kr/openapi/Param/statisticsParameterData.do?method=getList&orgId=101&tblId=DT_1B8000H&itmId=T10&objL1=ALL&prdSe=Y&startPrdDe=2015&endPrdDe=2025&format=json&jsonVD=Y,
KOSIS,BIRTHS,KR-44,2020,11950.0,명,확정,2026-09-16T16:46:12+09:00,https://kosis.kr/openapi/Param/statisticsParameterData.do?method=getList&orgId=101&tblId=DT_1B8000H&itmId=T10&objL1=ALL&prdSe=Y&startPrdDe=2015&endPrdDe=2025&format=json&jsonVD=Y,
KOSIS,BIRTHS,KR-44,2021,10984.0,명,확정,2026-09-16T16:46:12+09:00,https://kosis.kr/openapi/Param/statisticsParameterData.do?method=getList&orgId=101&tblId=DT_1B8000H&itmId=T10&objL1=ALL&prdSe=Y&startPrdDe=2015&endPrdDe=2025&format=json&jsonVD=Y,
KOSIS,BIRTHS,KR-44,2022,10221.0,명,확정,2026-09-16T16:46:12+09:00,https://kosis.kr/openapi/Param/statisticsParameterData.do?method=getList&orgId=101&tblId=DT_1B8000H&itmId=T10&objL1=ALL&prdSe=Y&startPrdDe=2015&endPrdDe=2025&format=json&jsonVD=Y,
KOSIS,BIRTHS,KR-44,2023,9436.0,명,확정,2026-09-16T16:46:12+09:00,https://kosis.kr/openapi/Param/statisticsParameterData.do?method=getList&orgId=101&tblId=DT_1B8000H&itmId=T10&objL1=ALL&prdSe=Y&startPrdDe=2015&endPrdDe=2025&format=json&jsonVD=Y,
KOSIS,BIRTHS,KR-44,2024,9855.0,명,확정,2026-09-16T16:46:12+09:00,https://kosis.kr/openapi/Param/statisticsParameterData.do?method=getList&orgId=101&tblId=DT_1B8000H&itmId=T10&objL1=ALL&prdSe=Y&startPrdDe=2015&endPrdDe=2025&format=json&jsonVD=Y,
KOSIS,BIRTHS,KR-44,2025,10242.0,명,확정,2026-09-16T16:46:12+09:00,https://kosis.kr/openapi/Param/statisticsParameterData.do?method=getList&orgId=101&tblId=DT_1B8000H&itmId=T10&objL1=ALL&prdSe=Y&startPrdDe=2015&endPrdDe=2025&format=json&jsonVD=Y,
KOSIS,BIRTHS,KR-52,2015,14087.0,명,확정,2026-09-16T16:46:12+09:00,https://kosis.kr/openapi/Param/statisticsParameterData.do?method=getList&orgId=101&tblId=DT_1B8000H&itmId=T10&objL1=ALL&prdSe=Y&startPrdDe=2015&endPrdDe=2025&format=json&jsonVD=Y,
KOSIS,BIRTHS,KR-52,2016,12698.0,명,확정,2026-09-16T16:46:12+09:00,https://kosis.kr/openapi/Param/statisticsParameterData.do?method=getList&orgId=101&tblId=DT_1B8000H&itmId=T10&objL1=ALL&prdSe=Y&startPrdDe=2015&endPrdDe=2025&format=json&jsonVD=Y,
KOSIS,BIRTHS,KR-52,2017,11348.0,명,확정,2026-09-16T16:46:12+09:00,https://kosis.kr/openapi/Param/statisticsParameterData.do?method=getList&orgId=101&tblId=DT_1B8000H&itmId=T10&objL1=ALL&prdSe=Y&startPrdDe=2015&endPrdDe=2025&format=json&jsonVD=Y,
KOSIS,BIRTHS,KR-52,2018,10001.0,명,확정,2026-09-16T16:46:12+09:00,https://kosis.kr/openapi/Param/statisticsParameterData.do?method=getList&orgId=101&tblId=DT_1B8000H&itmId=T10&objL1=ALL&prdSe=Y&startPrdDe=2015&endPrdDe=2025&format=json&jsonVD=Y,
KOSIS,BIRTHS,KR-52,2019,8971.0,명,확정,2026-09-16T16:46:12+09:00,https://kosis.kr/openapi/Param/statisticsParameterData.do?method=getList&orgId=101&tblId=DT_1B8000H&itmId=T10&objL1=ALL&prdSe=Y&startPrdDe=2015&endPrdDe=2025&format=json&jsonVD=Y,
KOSIS,BIRTHS,KR-52,2020,8165.0,명,확정,2026-09-16T16:46:12+09:00,https://kosis.kr/openapi/Param/statisticsParameterData.do?method=getList&orgId=101&tblId=DT_1B8000H&itmId=T10&objL1=ALL&prdSe=Y&startPrdDe=2015&endPrdDe=2025&format=json&jsonVD=Y,
KOSIS,BIRTHS,KR-52,2021,7475.0,명,확정,2026-09-16T16:46:12+09:00,https://kosis.kr/openapi/Param/statisticsParameterData.do?method=getList&orgId=101&tblId=DT_1B8000H&itmId=T10&objL1=ALL&prdSe=Y&startPrdDe=2015&endPrdDe=2025&format=json&jsonVD=Y,
KOSIS,BIRTHS,KR-52,2022,7032.0,명,확정,2026-09-16T16:46:12+09:00,https://kosis.kr/openapi/Param/statisticsParameterData.do?method=getList&orgId=101&tblId=DT_1B8000H&itmId=T10&objL1=ALL&prdSe=Y&startPrdDe=2015&endPrdDe=2025&format=json&jsonVD=Y,
KOSIS,BIRTHS,KR-52,2023,6622.0,명,확정,2026-09-16T16:46:12+09:00,https://kosis.kr/openapi/Param/statisticsParameterData.do?method=getList&orgId=101&tblId=DT_1B8000H&itmId=T10&objL1=ALL&prdSe=Y&startPrdDe=2015&endPrdDe=2025&format=json&jsonVD=Y,
KOSIS,BIRTHS,KR-52,2024,6780.0,명,확정,2026-09-16T16:46:12+09:00,https://kosis.kr/openapi/Param/statisticsParameterData.do?method=getList&orgId=101&tblId=DT_1B8000H&itmId=T10&objL1=ALL&prdSe=Y&startPrdDe=2015&endPrdDe=2025&format=json&jsonVD=Y,
KOSIS,BIRTHS,KR-52,2025,7045.0,명,확정,2026-09-16T16:46:12+09:00,https://kosis.kr/openapi/Param/statisticsParameterData.do?method=getList&orgId=101&tblId=DT_1B8000H&itmId=T10&objL1=ALL&prdSe=Y&startPrdDe=2015&endPrdDe=2025&format=json&jsonVD=Y,
KOSIS,BIRTHS,KR-46,2015,15061.0,명,확정,2026-09-16T16:46:12+09:00,https://kosis.kr/openapi/Param/statisticsParameterData.do?method=getList&orgId=101&tblId=DT_1B8000H&itmId=T10&objL1=ALL&prdSe=Y&startPrdDe=2015&endPrdDe=2025&format=json&jsonVD=Y,
KOSIS,BIRTHS,KR-46,2016,13980.0,명,확정,2026-09-16T16:46:12+09:00,https://kosis.kr/openapi/Param/statisticsParameterData.do?method=getList&orgId=101&tblId=DT_1B8000H&itmId=T10&objL1=ALL&prdSe=Y&startPrdDe=2015&endPrdDe=2025&format=json&jsonVD=Y,
KOSIS,BIRTHS,KR-46,2017,12354.0,명,확정,2026-09-16T16:46:12+09:00,https://kosis.kr/openapi/Param/statisticsParameterData.do?method=getList&orgId=101&tblId=DT_1B8000H&itmId=T10&objL1=ALL&prdSe=Y&startPrdDe=2015&endPrdDe=2025&format=json&jsonVD=Y,
KOSIS,BIRTHS,KR-46,2018,11238.0,명,확정,2026-09-16T16:46:12+09:00,https://kosis.kr/openapi/Param/statisticsParameterData.do?method=getList&orgId=101&tblId=DT_1B8000H&itmId=T10&objL1=ALL&prdSe=Y&startPrdDe=2015&endPrdDe=2025&format=json&jsonVD=Y,
KOSIS,BIRTHS,KR-46,2019,10832.0,명,확정,2026-09-16T16:46:12+09:00,https://kosis.kr/openapi/Param/statisticsParameterData.do?method=getList&orgId=101&tblId=DT_1B8000H&itmId=T10&objL1=ALL&prdSe=Y&startPrdDe=2015&endPrdDe=2025&format=json&jsonVD=Y,
KOSIS,BIRTHS,KR-46,2020,9738.0,명,확정,2026-09-16T16:46:12+09:00,https://kosis.kr/openapi/Param/statisticsParameterData.do?method=getList&orgId=101&tblId=DT_1B8000H&itmId=T10&objL1=ALL&prdSe=Y&startPrdDe=2015&endPrdDe=2025&format=json&jsonVD=Y,
KOSIS,BIRTHS,KR-46,2021,8430.0,명,확정,2026-09-16T16:46:12+09:00,https://kosis.kr/openapi/Param/statisticsParameterData.do?method=getList&orgId=101&tblId=DT_1B8000H&itmId=T10&objL1=ALL&prdSe=Y&startPrdDe=2015&endPrdDe=2025&format=json&jsonVD=Y,
KOSIS,BIRTHS,KR-46,2022,7888.0,명,확정,2026-09-16T16:46:12+09:00,https://kosis.kr/openapi/Param/statisticsParameterData.do?method=getList&orgId=101&tblId=DT_1B8000H&itmId=T10&objL1=ALL&prdSe=Y&startPrdDe=2015&endPrdDe=2025&format=json&jsonVD=Y,
KOSIS,BIRTHS,KR-46,2023,7828.0,명,확정,2026-09-16T16:46:12+09:00,https://kosis.kr/openapi/Param/statisticsParameterData.do?method=getList&orgId=101&tblId=DT_1B8000H&itmId=T10&objL1=ALL&prdSe=Y&startPrdDe=2015&endPrdDe=2025&format=json&jsonVD=Y,
KOSIS,BIRTHS,KR-46,2024,8225.0,명,확정,2026-09-16T16:46:12+09:00,https://kosis.kr/openapi/Param/statisticsParameterData.do?method=getList&orgId=101&tblId=DT_1B8000H&itmId=T10&objL1=ALL&prdSe=Y&startPrdDe=2015&endPrdDe=2025&format=json&jsonVD=Y,
KOSIS,BIRTHS,KR-46,2025,8719.0,명,확정,2026-09-16T16:46:12+09:00,https://kosis.kr/openapi/Param/statisticsParameterData.do?method=getList&orgId=101&tblId=DT_1B8000H&itmId=T10&objL1=ALL&prdSe=Y&startPrdDe=2015&endPrdDe=2025&format=json&jsonVD=Y,
KOSIS,BIRTHS,KR-47,2015,22310.0,명,확정,2026-09-16T16:46:12+09:00,https://kosis.kr/openapi/Param/statisticsParameterData.do?method=getList&orgId=101&tblId=DT_1B8000H&itmId=T10&objL1=ALL&prdSe=Y&startPrdDe=2015&endPrdDe=2025&format=json&jsonVD=Y,
KOSIS,BIRTHS,KR-47,2016,20616.0,명,확정,2026-09-16T16:46:12+09:00,https://kosis.kr/openapi/Param/statisticsParameterData.do?method=getList&orgId=101&tblId=DT_1B8000H&itmId=T10&objL1=ALL&prdSe=Y&startPrdDe=2015&endPrdDe=2025&format=json&jsonVD=Y,
KOSIS,BIRTHS,KR-47,2017,17957.0,명,확정,2026-09-16T16:46:12+09:00,https://kosis.kr/openapi/Param/statisticsParameterData.do?method=getList&orgId=101&tblId=DT_1B8000H&itmId=T10&objL1=ALL&prdSe=Y&startPrdDe=2015&endPrdDe=2025&format=json&jsonVD=Y,
KOSIS,BIRTHS,KR-47,2018,16079.0,명,확정,2026-09-16T16:46:12+09:00,https://kosis.kr/openapi/Param/statisticsParameterData.do?method=getList&orgId=101&tblId=DT_1B8000H&itmId=T10&objL1=ALL&prdSe=Y&startPrdDe=2015&endPrdDe=2025&format=json&jsonVD=Y,
KOSIS,BIRTHS,KR-47,2019,14472.0,명,확정,2026-09-16T16:46:12+09:00,https://kosis.kr/openapi/Param/statisticsParameterData.do?method=getList&orgId=101&tblId=DT_1B8000H&itmId=T10&objL1=ALL&prdSe=Y&startPrdDe=2015&endPrdDe=2025&format=json&jsonVD=Y,
KOSIS,BIRTHS,KR-47,2020,12873.0,명,확정,2026-09-16T16:46:12+09:00,https://kosis.kr/openapi/Param/statisticsParameterData.do?method=getList&orgId=101&tblId=DT_1B8000H&itmId=T10&objL1=ALL&prdSe=Y&startPrdDe=2015&endPrdDe=2025&format=json&jsonVD=Y,
KOSIS,BIRTHS,KR-47,2021,12045.0,명,확정,2026-09-16T16:46:12+09:00,https://kosis.kr/openapi/Param/statisticsParameterData.do?method=getList&orgId=101&tblId=DT_1B8000H&itmId=T10&objL1=ALL&prdSe=Y&startPrdDe=2015&endPrdDe=2025&format=json&jsonVD=Y,
KOSIS,BIRTHS,KR-47,2022,11311.0,명,확정,2026-09-16T16:46:12+09:00,https://kosis.kr/openapi/Param/statisticsParameterData.do?method=getList&orgId=101&tblId=DT_1B8000H&itmId=T10&objL1=ALL&prdSe=Y&startPrdDe=2015&endPrdDe=2025&format=json&jsonVD=Y,
KOSIS,BIRTHS,KR-47,2023,10186.0,명,확정,2026-09-16T16:46:12+09:00,https://kosis.kr/openapi/Param/statisticsParameterData.do?method=getList&orgId=101&tblId=DT_1B8000H&itmId=T10&objL1=ALL&prdSe=Y&startPrdDe=2015&endPrdDe=2025&format=json&jsonVD=Y,
KOSIS,BIRTHS,KR-47,2024,10333.0,명,확정,2026-09-16T16:46:12+09:00,https://kosis.kr/openapi/Param/statisticsParameterData.do?method=getList&orgId=101&tblId=DT_1B8000H&itmId=T10&objL1=ALL&prdSe=Y&startPrdDe=2015&endPrdDe=2025&format=json&jsonVD=Y,
KOSIS,BIRTHS,KR-47,2025,10417.0,명,확정,2026-09-16T16:46:12+09:00,https://kosis.kr/openapi/Param/statisticsParameterData.do?method=getList&orgId=101&tblId=DT_1B8000H&itmId=T10&objL1=ALL&prdSe=Y&startPrdDe=2015&endPrdDe=2025&format=json&jsonVD=Y,
KOSIS,BIRTHS,KR-48,2015,29537.0,명,확정,2026-09-16T16:46:12+09:00,https://kosis.kr/openapi/Param/statisticsParameterData.do?method=getList&orgId=101&tblId=DT_1B8000H&itmId=T10&objL1=ALL&prdSe=Y&startPrdDe=2015&endPrdDe=2025&format=json&jsonVD=Y,
KOSIS,BIRTHS,KR-48,2016,27138.0,명,확정,2026-09-16T16:46:12+09:00,https://kosis.kr/openapi/Param/statisticsParameterData.do?method=getList&orgId=101&tblId=DT_1B8000H&itmId=T10&objL1=ALL&prdSe=Y&startPrdDe=2015&endPrdDe=2025&format=json&jsonVD=Y,
KOSIS,BIRTHS,KR-48,2017,23849.0,명,확정,2026-09-16T16:46:12+09:00,https://kosis.kr/openapi/Param/statisticsParameterData.do?method=getList&orgId=101&tblId=DT_1B8000H&itmId=T10&objL1=ALL&prdSe=Y&startPrdDe=2015&endPrdDe=2025&format=json&jsonVD=Y,
KOSIS,BIRTHS,KR-48,2018,21224.0,명,확정,2026-09-16T16:46:12+09:00,https://kosis.kr/openapi/Param/statisticsParameterData.do?method=getList&orgId=101&tblId=DT_1B8000H&itmId=T10&objL1=ALL&prdSe=Y&startPrdDe=2015&endPrdDe=2025&format=json&jsonVD=Y,
KOSIS,BIRTHS,KR-48,2019,19250.0,명,확정,2026-09-16T16:46:12+09:00,https://kosis.kr/openapi/Param/statisticsParameterData.do?method=getList&orgId=101&tblId=DT_1B8000H&itmId=T10&objL1=ALL&prdSe=Y&startPrdDe=2015&endPrdDe=2025&format=json&jsonVD=Y,
KOSIS,BIRTHS,KR-48,2020,16823.0,명,확정,2026-09-16T16:46:12+09:00,https://kosis.kr/openapi/Param/statisticsParameterData.do?method=getList&orgId=101&tblId=DT_1B8000H&itmId=T10&objL1=ALL&prdSe=Y&startPrdDe=2015&endPrdDe=2025&format=json&jsonVD=Y,
KOSIS,BIRTHS,KR-48,2021,15562.0,명,확정,2026-09-16T16:46:12+09:00,https://kosis.kr/openapi/Param/statisticsParameterData.do?method=getList&orgId=101&tblId=DT_1B8000H&itmId=T10&objL1=ALL&prdSe=Y&startPrdDe=2015&endPrdDe=2025&format=json&jsonVD=Y,
KOSIS,BIRTHS,KR-48,2022,14017.0,명,확정,2026-09-16T16:46:12+09:00,https://kosis.kr/openapi/Param/statisticsParameterData.do?method=getList&orgId=101&tblId=DT_1B8000H&itmId=T10&objL1=ALL&prdSe=Y&startPrdDe=2015&endPrdDe=2025&format=json&jsonVD=Y,
KOSIS,BIRTHS,KR-48,2023,13049.0,명,확정,2026-09-16T16:46:12+09:00,https://kosis.kr/openapi/Param/statisticsParameterData.do?method=getList&orgId=101&tblId=DT_1B8000H&itmId=T10&objL1=ALL&prdSe=Y&startPrdDe=2015&endPrdDe=2025&format=json&jsonVD=Y,
KOSIS,BIRTHS,KR-48,2024,13067.0,명,확정,2026-09-16T16:46:12+09:00,https://kosis.kr/openapi/Param/statisticsParameterData.do?method=getList&orgId=101&tblId=DT_1B8000H&itmId=T10&objL1=ALL&prdSe=Y&startPrdDe=2015&endPrdDe=2025&format=json&jsonVD=Y,
KOSIS,BIRTHS,KR-48,2025,13802.0,명,확정,2026-09-16T16:46:12+09:00,https://kosis.kr/openapi/Param/statisticsParameterData.do?method=getList&orgId=101&tblId=DT_1B8000H&itmId=T10&objL1=ALL&prdSe=Y&startPrdDe=2015&endPrdDe=2025&format=json&jsonVD=Y,
KOSIS,BIRTHS,KR-50,2015,5600.0,명,확정,2026-09-16T16:46:12+09:00,https://kosis.kr/openapi/Param/statisticsParameterData.do?method=getList&orgId=101&tblId=DT_1B8000H&itmId=T10&objL1=ALL&prdSe=Y&startPrdDe=2015&endPrdDe=2025&format=json&jsonVD=Y,
KOSIS,BIRTHS,KR-50,2016,5494.0,명,확정,2026-09-16T16:46:12+09:00,https://kosis.kr/openapi/Param/statisticsParameterData.do?method=getList&orgId=101&tblId=DT_1B8000H&itmId=T10&objL1=ALL&prdSe=Y&startPrdDe=2015&endPrdDe=2025&format=json&jsonVD=Y,
KOSIS,BIRTHS,KR-50,2017,5037.0,명,확정,2026-09-16T16:46:12+09:00,https://kosis.kr/openapi/Param/statisticsParameterData.do?method=getList&orgId=101&tblId=DT_1B8000H&itmId=T10&objL1=ALL&prdSe=Y&startPrdDe=2015&endPrdDe=2025&format=json&jsonVD=Y,
KOSIS,BIRTHS,KR-50,2018,4781.0,명,확정,2026-09-16T16:46:12+09:00,https://kosis.kr/openapi/Param/statisticsParameterData.do?method=getList&orgId=101&tblId=DT_1B8000H&itmId=T10&objL1=ALL&prdSe=Y&startPrdDe=2015&endPrdDe=2025&format=json&jsonVD=Y,
KOSIS,BIRTHS,KR-50,2019,4500.0,명,확정,2026-09-16T16:46:12+09:00,https://kosis.kr/openapi/Param/statisticsParameterData.do?method=getList&orgId=101&tblId=DT_1B8000H&itmId=T10&objL1=ALL&prdSe=Y&startPrdDe=2015&endPrdDe=2025&format=json&jsonVD=Y,
KOSIS,BIRTHS,KR-50,2020,3989.0,명,확정,2026-09-16T16:46:12+09:00,https://kosis.kr/openapi/Param/statisticsParameterData.do?method=getList&orgId=101&tblId=DT_1B8000H&itmId=T10&objL1=ALL&prdSe=Y&startPrdDe=2015&endPrdDe=2025&format=json&jsonVD=Y,
KOSIS,BIRTHS,KR-50,2021,3728.0,명,확정,2026-09-16T16:46:12+09:00,https://kosis.kr/openapi/Param/statisticsParameterData.do?method=getList&orgId=101&tblId=DT_1B8000H&itmId=T10&objL1=ALL&prdSe=Y&startPrdDe=2015&endPrdDe=2025&format=json&jsonVD=Y,
KOSIS,BIRTHS,KR-50,2022,3599.0,명,확정,2026-09-16T16:46:12+09:00,https://kosis.kr/openapi/Param/statisticsParameterData.do?method=getList&orgId=101&tblId=DT_1B8000H&itmId=T10&objL1=ALL&prdSe=Y&startPrdDe=2015&endPrdDe=2025&format=json&jsonVD=Y,
KOSIS,BIRTHS,KR-50,2023,3222.0,명,확정,2026-09-16T16:46:12+09:00,https://kosis.kr/openapi/Param/statisticsParameterData.do?method=getList&orgId=101&tblId=DT_1B8000H&itmId=T10&objL1=ALL&prdSe=Y&startPrdDe=2015&endPrdDe=2025&format=json&jsonVD=Y,
KOSIS,BIRTHS,KR-50,2024,3156.0,명,확정,2026-09-16T16:46:12+09:00,https://kosis.kr/openapi/Param/statisticsParameterData.do?method=getList&orgId=101&tblId=DT_1B8000H&itmId=T10&objL1=ALL&prdSe=Y&startPrdDe=2015&endPrdDe=2025&format=json&jsonVD=Y,
KOSIS,BIRTHS,KR-50,2025,3279.0,명,확정,2026-09-16T16:46:12+09:00,https://kosis.kr/openapi/Param/statisticsParameterData.do?method=getList&orgId=101&tblId=DT_1B8000H&itmId=T10&objL1=ALL&prdSe=Y&startPrdDe=2015&endPrdDe=2025&format=json&jsonVD=Y,
INTERNAL,TFR,KR-11,2023,0.55,명,확정,2026-09-16T16:46:12+09:00,file://D:\LLM_agent\policy-data-pipeline-main\exercises\03\internal_panel.xlsx,
INTERNAL,TFR,KR-11,2024,0.58,명,확정,2026-09-16T16:46:12+09:00,file://D:\LLM_agent\policy-data-pipeline-main\exercises\03\internal_panel.xlsx,
INTERNAL,TFR,KR-11,2025,0.61,명,잠정,2026-09-16T16:46:12+09:00,file://D:\LLM_agent\policy-data-pipeline-main\exercises\03\internal_panel.xlsx,
INTERNAL,TFR,KR-28,2023,0.69,명,확정,2026-09-16T16:46:12+09:00,file://D:\LLM_agent\policy-data-pipeline-main\exercises\03\internal_panel.xlsx,
INTERNAL,TFR,KR-28,2024,0.73,명,확정,2026-09-16T16:46:12+09:00,file://D:\LLM_agent\policy-data-pipeline-main\exercises\03\internal_panel.xlsx,
INTERNAL,TFR,KR-28,2025,0.78,명,잠정,2026-09-16T16:46:12+09:00,file://D:\LLM_agent\policy-data-pipeline-main\exercises\03\internal_panel.xlsx,
INTERNAL,TFR,KR-41,2023,0.77,명,확정,2026-09-16T16:46:12+09:00,file://D:\LLM_agent\policy-data-pipeline-main\exercises\03\internal_panel.xlsx,
INTERNAL,TFR,KR-41,2024,0.79,명,확정,2026-09-16T16:46:12+09:00,file://D:\LLM_agent\policy-data-pipeline-main\exercises\03\internal_panel.xlsx,
INTERNAL,TFR,KR-41,2025,0.8,명,잠정,2026-09-16T16:46:12+09:00,file://D:\LLM_agent\policy-data-pipeline-main\exercises\03\internal_panel.xlsx,
INTERNAL,TFR,KR-26,2023,0.66,명,확정,2026-09-16T16:46:12+09:00,file://D:\LLM_agent\policy-data-pipeline-main\exercises\03\internal_panel.xlsx,
INTERNAL,TFR,KR-26,2024,0.68,명,확정,2026-09-16T16:46:12+09:00,file://D:\LLM_agent\policy-data-pipeline-main\exercises\03\internal_panel.xlsx,
INTERNAL,TFR,KR-26,2025,0.72,명,잠정,2026-09-16T16:46:12+09:00,file://D:\LLM_agent\policy-data-pipeline-main\exercises\03\internal_panel.xlsx,
INTERNAL,TFR,KR-27,2023,0.7,명,확정,2026-09-16T16:46:12+09:00,file://D:\LLM_agent\policy-data-pipeline-main\exercises\03\internal_panel.xlsx,
INTERNAL,TFR,KR-27,2024,,명,확정,2026-09-16T16:46:12+09:00,file://D:\LLM_agent\policy-data-pipeline-main\exercises\03\internal_panel.xlsx,NA_CONFIDENTIAL
INTERNAL,TFR,KR-27,2025,0.76,명,잠정,2026-09-16T16:46:12+09:00,file://D:\LLM_agent\policy-data-pipeline-main\exercises\03\internal_panel.xlsx,
INTERNAL,TFR,KR-48,2023,0.8,명,확정,2026-09-16T16:46:12+09:00,file://D:\LLM_agent\policy-data-pipeline-main\exercises\03\internal_panel.xlsx,
INTERNAL,TFR,KR-48,2024,0.83,명,확정,2026-09-16T16:46:12+09:00,file://D:\LLM_agent\policy-data-pipeline-main\exercises\03\internal_panel.xlsx,
INTERNAL,TFR,KR-48,2025,0.86,명,잠정,2026-09-16T16:46:12+09:00,file://D:\LLM_agent\policy-data-pipeline-main\exercises\03\internal_panel.xlsx,
INTERNAL,TFR,KR-29,2023,0.71,명,확정,2026-09-16T16:46:12+09:00,file://D:\LLM_agent\policy-data-pipeline-main\exercises\03\internal_panel.xlsx,
INTERNAL,TFR,KR-29,2024,0.76,명,확정,2026-09-16T16:46:12+09:00,file://D:\LLM_agent\policy-data-pipeline-main\exercises\03\internal_panel.xlsx,
INTERNAL,TFR,KR-29,2025,0.81,명,잠정,2026-09-16T16:46:12+09:00,file://D:\LLM_agent\policy-data-pipeline-main\exercises\03\internal_panel.xlsx,
INTERNAL,TFR,KR-46,2023,0.97,명,확정,2026-09-16T16:46:12+09:00,file://D:\LLM_agent\policy-data-pipeline-main\exercises\03\internal_panel.xlsx,
INTERNAL,TFR,KR-46,2024,1.03,명,확정,2026-09-16T16:46:12+09:00,file://D:\LLM_agent\policy-data-pipeline-main\exercises\03\internal_panel.xlsx,
INTERNAL,TFR,KR-46,2025,0.97,명,잠정,2026-09-16T16:46:12+09:00,file://D:\LLM_agent\policy-data-pipeline-main\exercises\03\internal_panel.xlsx,
INTERNAL,TFR,KR-36,2023,0.97,명,확정,2026-09-16T16:46:12+09:00,file://D:\LLM_agent\policy-data-pipeline-main\exercises\03\internal_panel.xlsx,
INTERNAL,TFR,KR-36,2024,,명,확정,2026-09-16T16:46:12+09:00,file://D:\LLM_agent\policy-data-pipeline-main\exercises\03\internal_panel.xlsx,NA_NOTSURVEYED
INTERNAL,TFR,KR-36,2025,1.03,명,잠정,2026-09-16T16:46:12+09:00,file://D:\LLM_agent\policy-data-pipeline-main\exercises\03\internal_panel.xlsx,
INTERNAL,TFR,KR-50,2023,0.83,명,확정,2026-09-16T16:46:12+09:00,file://D:\LLM_agent\policy-data-pipeline-main\exercises\03\internal_panel.xlsx,
INTERNAL,TFR,KR-50,2024,,명,확정,2026-09-16T16:46:12+09:00,file://D:\LLM_agent\policy-data-pipeline-main\exercises\03\internal_panel.xlsx,NA_NOTSURVEYED
INTERNAL,TFR,KR-50,2025,0.84,명,잠정,2026-09-16T16:46:12+09:00,file://D:\LLM_agent\policy-data-pipeline-main\exercises\03\internal_panel.xlsx,
